"Antal personer efter region, utländsk/svensk bakgrund och år"

"region","utländsk/svensk bakgrund","2002","2003","2004","2005","2006","2007","2008","2009","2010","2011","2012","2013","2014","2015","2016","2017","2018","2019","2020"
"0114 Upplands Väsby","utländsk bakgrund",10132,10327,10507,10708,10913,11167,11488,11839,12350,13115,13538,14191,14634,15506,16713,17533,18584,19867,20555
"0114 Upplands Väsby","svensk bakgrund",27312,27070,27010,26916,26935,26888,26760,26802,26939,27079,27185,27258,27182,27155,27178,27072,26959,26919,26629
"0115 Vallentuna","utländsk bakgrund",3458,3585,3686,3784,3871,4044,4170,4260,4433,4668,4915,5027,5157,5370,5680,6009,6235,6715,6756
"0115 Vallentuna","svensk bakgrund",22447,22721,23203,23613,23997,24338,24784,25101,25681,26047,26300,26589,26812,27010,27105,27166,27197,27375,27363
"0117 Österåker","utländsk bakgrund",5079,5132,5245,5325,5408,5543,5755,5969,6122,6349,6666,6806,7176,7709,8398,8916,9291,9638,10050
"0117 Österåker","svensk bakgrund",30554,31051,31622,32011,32471,32743,32965,33204,33399,33443,33603,33689,34004,34421,34895,35214,35540,35936,36594
"0120 Värmdö","utländsk bakgrund",4515,4504,4578,4620,4776,4997,5197,5324,5457,5636,5753,5889,6146,6319,6656,7305,7782,7991,8178
"0120 Värmdö","svensk bakgrund",28149,28630,29451,30313,31027,31873,32179,32432,32844,33258,33634,33895,34395,34788,35344,36139,36615,37009,37388
"0123 Järfälla","utländsk bakgrund",15550,15919,16229,16669,17421,18343,19314,20246,21233,22245,23166,24206,25717,27113,29080,31031,33365,35193,36985
"0123 Järfälla","svensk bakgrund",45740,45554,45335,45074,44921,45084,45041,45049,44978,45075,45044,44961,44984,45316,45332,45422,45115,44797,44289
"0125 Ekerö","utländsk bakgrund",2358,2393,2473,2530,2606,2746,2754,2864,3024,3156,3341,3439,3590,3703,3945,4192,4632,4948,5100
"0125 Ekerö","svensk bakgrund",20578,20918,21121,21480,21695,21941,22025,22231,22386,22611,22819,22916,23108,23281,23461,23561,23676,23742,23779
"0126 Huddinge","utländsk bakgrund",24319,25094,25558,26471,27862,29093,30778,32106,33432,34747,36155,37524,38782,40108,41827,43699,45460,46570,47168
"0126 Huddinge","svensk bakgrund",62138,62027,62123,62279,62320,62734,63431,63692,64021,64302,64855,65033,65403,65203,65711,66304,66262,66278,66066
"0127 Botkyrka","utländsk bakgrund",35384,35944,36534,37425,38528,40109,41158,42429,43952,45846,47525,48834,50109,50865,52307,53827,55233,57011,57651
"0127 Botkyrka","svensk bakgrund",39832,39488,39296,39167,39025,38922,38897,38766,38656,38831,38749,38746,38792,38560,38368,38098,37873,37595,37196
"0128 Salem","utländsk bakgrund",2468,2539,2578,2643,2768,2896,2979,3090,3194,3343,3465,3636,3864,4161,4421,4643,4818,4977,5258
"0128 Salem","svensk bakgrund",11407,11518,11549,11691,11947,12169,12198,12223,12197,12351,12416,12365,12276,12265,12194,12022,11968,11773,11701
"0136 Haninge","utländsk bakgrund",17323,17631,17882,18278,19145,19972,20958,21877,22585,23610,24517,25456,26617,27678,29248,31107,32596,34346,35509
"0136 Haninge","svensk bakgrund",53579,53746,53473,53559,53811,53726,54010,54360,54469,54716,54913,55476,55790,56188,56445,56930,57393,57749,58181
"0138 Tyresö","utländsk bakgrund",7108,7202,7315,7473,7520,7709,7890,8063,8272,8421,8626,8826,9165,9576,10033,10283,10811,11103,11265
"0138 Tyresö","svensk bakgrund",32612,32895,33290,33661,33956,34338,34442,34539,34675,34907,35138,35455,36225,36601,37070,37021,37193,37230,37413
"0139 Upplands-Bro","utländsk bakgrund",5002,5112,5183,5207,5441,5735,6078,6403,6708,6965,7185,7452,7873,8331,8991,9646,10676,11436,12239
"0139 Upplands-Bro","svensk bakgrund",16160,16140,16165,16120,16197,16486,16604,16799,16968,17019,17168,17251,17414,17458,17764,17968,18080,17910,17956
"0140 Nykvarn","utländsk bakgrund",1243,1246,1265,1241,1292,1357,1382,1402,1410,1425,1446,1491,1574,1629,1724,1821,1915,1969,2066
"0140 Nykvarn","svensk bakgrund",6961,7023,7063,7113,7317,7569,7653,7825,7921,7906,7996,8032,8241,8563,8700,8839,9008,9045,9156
"0160 Täby","utländsk bakgrund",9760,9956,10032,10146,10362,10567,10868,11290,11601,12039,12419,12819,13377,13966,14681,15429,16249,16726,17245
"0160 Täby","svensk bakgrund",50438,50212,50390,50448,50644,51066,51398,51724,52188,52519,52945,53473,53957,54315,54705,54976,55148,55148,55510
"0162 Danderyd","utländsk bakgrund",4512,4598,4701,4826,4782,4956,4972,5125,5218,5426,5484,5718,5825,5960,6190,6402,6733,6727,6723
"0162 Danderyd","svensk bakgrund",25243,25286,25399,25400,25710,25833,25879,26025,26112,26373,26476,26504,26470,26461,26463,26486,26454,26130,25989
"0163 Sollentuna","utländsk bakgrund",12443,12784,13060,13269,13914,14473,14926,15834,16760,17643,18398,19287,20320,21096,22123,23284,24269,25650,25988
"0163 Sollentuna","svensk bakgrund",46072,46100,45837,46086,46614,46914,47171,47513,47870,48248,48461,48858,49005,49155,48900,48564,48259,48207,48002
"0180 Stockholm","utländsk bakgrund",189938,193702,197374,202393,211123,219224,227388,238417,247541,257710,267231,275618,283764,291026,299925,311401,320902,329644,331339
"0180 Stockholm","svensk bakgrund",568210,568019,567670,568645,571762,575939,582732,591000,599532,606614,614004,622082,628225,632490,635694,638360,641252,644429,644212
"0181 Södertälje","utländsk bakgrund",27724,28457,29063,29667,31302,33450,35048,36429,37933,39745,41742,43790,45712,47362,49100,50911,52883,54999,56711
"0181 Södertälje","svensk bakgrund",51889,51592,51342,50886,50489,50192,49705,48841,48313,47940,47731,47282,46523,45840,45531,45121,44498,43980,43400
"0182 Nacka","utländsk bakgrund",16281,16412,16727,17104,17801,18438,18922,19716,20433,21065,21655,22172,22838,23627,24457,25681,26860,27258,27482
"0182 Nacka","svensk bakgrund",60343,61058,61988,63143,64620,65865,66739,68369,69675,70551,71218,72251,73379,74359,74902,75550,76796,77931,79023
"0183 Sundbyberg","utländsk bakgrund",8531,8836,9199,9602,10267,10972,11702,12675,13302,13932,14766,15911,16724,17945,19154,20229,21120,22492,22909
"0183 Sundbyberg","svensk bakgrund",25266,24902,24617,24414,24262,24106,24377,25047,25331,25607,26027,26715,27366,28165,28596,29195,29444,29922,29892
"0184 Solna","utländsk bakgrund",14986,15183,15782,16627,17178,18213,19469,20715,21672,22924,23847,24802,25929,27354,28902,30601,31980,33262,34268
"0184 Solna","svensk bakgrund",42599,42811,43316,43948,44539,45105,45820,46194,46472,47022,47446,47938,48112,48804,49227,49106,48970,49167,48894
"0186 Lidingö","utländsk bakgrund",6422,6513,6586,6719,6894,7113,7327,7601,7860,8053,8224,8604,8827,9284,9814,10065,10470,10720,10619
"0186 Lidingö","svensk bakgrund",34770,34681,34821,35173,35427,35597,35784,35844,36157,36028,36210,36574,36638,37018,37039,37120,37348,37403,37386
"0187 Vaxholm","utländsk bakgrund",1044,1057,1077,1078,1124,1133,1190,1227,1260,1337,1374,1399,1436,1454,1512,1599,1669,1665,1618
"0187 Vaxholm","svensk bakgrund",8587,8668,8827,9045,9316,9467,9557,9774,9705,9804,9752,9789,9893,9926,10109,10232,10354,10338,10268
"0188 Norrtälje","utländsk bakgrund",5606,5691,5835,5887,6042,6253,6432,6604,6779,6910,7124,7309,7654,8169,8625,9341,9845,10286,10712
"0188 Norrtälje","svensk bakgrund",48096,48330,48531,48709,48794,48972,49096,49323,49301,49335,49510,49536,49914,50500,50795,51467,51924,52336,52961
"0191 Sigtuna","utländsk bakgrund",9426,9628,9775,9920,10206,10735,11325,12066,12736,13834,14799,15814,16729,17745,19124,20291,21591,22640,23603
"0191 Sigtuna","svensk bakgrund",26345,26400,26547,26791,26770,27058,27047,27153,27254,27495,27473,27558,27356,27041,27150,26855,26539,26324,25934
"0192 Nynäshamn","utländsk bakgrund",3178,3229,3254,3250,3430,3634,3792,4023,4245,4443,4689,4943,5075,5401,5688,6082,6364,6698,6954
"0192 Nynäshamn","svensk bakgrund",21350,21358,21416,21398,21562,21719,21707,21758,21787,21805,21883,21853,21966,22099,22064,22027,21926,21877,21857
"0305 Håbo","utländsk bakgrund",2770,2805,2859,2881,2913,3033,3133,3254,3347,3405,3481,3544,3579,3672,3931,4169,4438,4650,4641
"0305 Håbo","svensk bakgrund",15094,15310,15519,15688,15724,15898,16092,16198,16282,16310,16402,16424,16455,16607,16806,16914,17126,17284,17378
"0319 Älvkarleby","utländsk bakgrund",966,947,957,984,998,1005,1061,1107,1134,1193,1239,1275,1365,1544,1739,1753,1803,1831,1815
"0319 Älvkarleby","svensk bakgrund",8004,8081,8084,8096,8112,8090,8003,7961,7969,7896,7820,7857,7804,7749,7706,7649,7589,7626,7696
"0330 Knivsta","utländsk bakgrund",1251,1335,1368,1380,1439,1500,1594,1641,1696,1768,1886,1984,2104,2363,2577,2930,3246,3339,3502
"0330 Knivsta","svensk bakgrund",11335,11486,11691,11944,12158,12454,12665,12836,13028,13197,13393,13596,14001,14506,14746,15134,15474,15496,15604
"0331 Heby","utländsk bakgrund",1017,1048,1088,1079,1132,1174,1215,1287,1352,1385,1401,1500,1593,1694,1812,1913,1987,2134,2156
"0331 Heby","svensk bakgrund",12708,12663,12683,12555,12398,12318,12192,12068,12030,11996,11963,11950,11897,11900,11943,11941,11923,11913,11945
"0360 Tierp","utländsk bakgrund",1332,1421,1449,1528,1582,1675,1792,1871,1983,2060,2157,2250,2421,2672,2877,3116,3294,3356,3548
"0360 Tierp","svensk bakgrund",18756,18695,18612,18528,18361,18393,18361,18173,18142,18017,17999,17894,17824,17875,17867,17814,17833,17780,17779
"0380 Uppsala","utländsk bakgrund",31377,31937,32616,33249,34301,35602,37433,39554,41521,42855,44092,45657,47007,49168,52649,57023,60798,64550,66451
"0380 Uppsala","svensk bakgrund",148296,148732,149460,150059,150886,151939,153235,155197,156266,157146,158533,159542,160355,160958,161910,162891,164366,166217,167388
"0381 Enköping","utländsk bakgrund",4430,4516,4519,4638,4714,4933,5046,5264,5455,5590,5707,6047,6349,6834,7575,8129,8618,9210,9834
"0381 Enköping","svensk bakgrund",33217,33489,33692,33784,33772,33835,33932,34096,34304,34425,34642,34609,34814,35059,35413,35668,35811,36077,36406
"0382 Östhammar","utländsk bakgrund",1855,1835,1820,1795,1768,1806,1882,1960,2045,2071,2054,2096,2141,2242,2389,2486,2603,2657,2676
"0382 Östhammar","svensk bakgrund",19972,19906,19918,19813,19667,19615,19552,19431,19328,19316,19208,19256,19233,19321,19433,19441,19445,19593,19575
"0428 Vingåker","utländsk bakgrund",675,703,727,795,785,805,817,864,875,931,995,1153,1244,1282,1433,1575,1615,1630,1679
"0428 Vingåker","svensk bakgrund",8506,8476,8451,8474,8427,8277,8183,8047,8018,7893,7780,7682,7675,7671,7666,7605,7521,7481,7465
"0461 Gnesta","utländsk bakgrund",875,915,932,945,971,1033,1117,1172,1222,1246,1304,1345,1422,1516,1670,1744,1826,1895,1946
"0461 Gnesta","svensk bakgrund",8938,9087,9003,9013,9010,8998,9062,9146,9138,9099,9138,9064,9091,9133,9191,9275,9411,9470,9475
"0480 Nyköping","utländsk bakgrund",5389,5551,5619,5733,5924,6255,6424,6721,7095,7282,7571,8197,8651,9315,10023,10602,11095,11657,12097
"0480 Nyköping","svensk bakgrund",43921,43831,43956,44083,44267,44505,44549,44488,44549,44614,44765,44841,44857,44947,44901,44865,44916,44934,44974
"0481 Oxelösund","utländsk bakgrund",1989,2021,2012,1989,2030,2033,2062,2088,2107,2187,2230,2365,2581,2822,3117,3226,3357,3374,3395
"0481 Oxelösund","svensk bakgrund",9194,9278,9261,9145,9081,9115,9108,9038,9086,9063,9006,9038,8970,8879,8804,8782,8705,8609,8600
"0482 Flen","utländsk bakgrund",2382,2452,2469,2512,2518,2611,2708,2879,2982,3154,3274,3589,3843,4180,4699,4871,4867,4927,4884
"0482 Flen","svensk bakgrund",14138,14177,14065,13900,13704,13580,13425,13260,13046,12909,12745,12567,12399,12260,12131,11993,11838,11658,11547
"0483 Katrineholm","utländsk bakgrund",4579,4596,4556,4625,4745,4984,5274,5581,5852,5952,6177,6592,7029,7363,7774,8240,8676,9017,9092
"0483 Katrineholm","svensk bakgrund",27802,27822,27702,27560,27284,27178,26933,26722,26576,26457,26372,26338,26239,26099,25948,25893,25874,25738,25673
"0484 Eskilstuna","utländsk bakgrund",20034,20493,20848,21296,21828,22928,24214,25125,25979,27134,28295,29401,30905,32303,34089,35415,36856,38126,38667
"0484 Eskilstuna","svensk bakgrund",70055,70201,70320,70339,70422,70415,70571,70452,70332,70462,70470,70328,70018,69762,69595,69294,69068,68733,68308
"0486 Strängnäs","utländsk bakgrund",3568,3640,3705,3776,3917,4076,4220,4352,4517,4721,4900,5163,5461,5659,6083,6392,6852,7274,7697
"0486 Strängnäs","svensk bakgrund",26447,26572,26817,26879,27235,27359,27495,27672,27902,27966,28172,28226,28417,28443,28526,28653,28909,29270,29593
"0488 Trosa","utländsk bakgrund",1393,1405,1417,1455,1471,1513,1578,1601,1616,1621,1655,1748,1835,1908,2108,2250,2398,2572,2765
"0488 Trosa","svensk bakgrund",9121,9160,9210,9376,9480,9525,9784,9845,9846,9872,9874,9932,10029,10170,10339,10666,10911,11175,11544
"0509 Ödeshög","utländsk bakgrund",293,314,324,349,348,374,419,421,425,438,466,495,550,587,681,733,768,756,766
"0509 Ödeshög","svensk bakgrund",5273,5214,5196,5167,5085,4997,4931,4893,4859,4807,4734,4679,4690,4649,4654,4610,4555,4581,4572
"0512 Ydre","utländsk bakgrund",199,202,211,217,229,227,238,261,268,296,285,334,362,380,403,432,445,435,425
"0512 Ydre","svensk bakgrund",3805,3741,3683,3649,3593,3533,3488,3411,3404,3370,3327,3283,3298,3278,3272,3301,3298,3312,3301
"0513 Kinda","utländsk bakgrund",419,426,435,462,514,551,574,621,645,691,735,836,884,914,959,1016,1044,1059,1086
"0513 Kinda","svensk bakgrund",9595,9555,9518,9484,9404,9396,9311,9190,9117,9108,9009,8966,8911,8881,8915,8866,8871,8881,8905
"0560 Boxholm","utländsk bakgrund",216,264,281,271,272,286,317,316,320,333,362,422,446,471,514,578,615,636,622
"0560 Boxholm","svensk bakgrund",5075,5044,5006,4971,4954,4937,4943,4932,4901,4872,4844,4856,4876,4857,4859,4875,4834,4840,4819
"0561 Åtvidaberg","utländsk bakgrund",578,559,577,567,618,610,600,626,670,724,729,753,843,930,998,1068,1058,1085,1062
"0561 Åtvidaberg","svensk bakgrund",11309,11259,11240,11156,11157,11048,10943,10872,10834,10793,10717,10707,10629,10615,10619,10563,10479,10418,10365
"0562 Finspång","utländsk bakgrund",2537,2581,2602,2639,2667,2695,2713,2755,2793,2821,2946,3155,3372,3548,3900,3932,4146,4354,4380
"0562 Finspång","svensk bakgrund",18671,18471,18391,18249,18145,18008,17876,17978,17954,17942,17845,17748,17778,17651,17626,17645,17612,17558,17385
"0563 Valdemarsvik","utländsk bakgrund",404,420,430,474,468,475,508,533,584,613,611,649,708,867,1029,1157,1199,1158,1033
"0563 Valdemarsvik","svensk bakgrund",7826,7775,7729,7648,7570,7474,7344,7278,7176,7049,6986,6936,6949,6880,6780,6763,6757,6715,6704
"0580 Linköping","utländsk bakgrund",15852,16651,17200,17879,18868,20322,21795,23891,25226,25992,26862,27959,29152,29984,32059,34159,36063,37637,38637
"0580 Linköping","svensk bakgrund",119214,119580,119712,119757,119712,120045,120068,120799,121190,121342,121659,122243,122729,122982,123758,124361,124971,125414,125979
"0581 Norrköping","utländsk bakgrund",20403,20855,21239,21663,22564,23513,24792,25917,26508,27003,28090,29657,31229,32852,35062,36677,37776,39117,39705
"0581 Norrköping","svensk bakgrund",102900,103116,103171,102979,102899,103167,103268,103337,103542,103620,104034,104092,104054,104183,104301,104250,103900,104054,103773
"0582 Söderköping","utländsk bakgrund",794,826,827,814,814,840,856,859,867,878,910,928,961,990,1107,1172,1253,1306,1287
"0582 Söderköping","svensk bakgrund",13215,13256,13268,13211,13237,13180,13103,13183,13157,13165,13233,13267,13307,13250,13295,13349,13365,13320,13329
"0583 Motala","utländsk bakgrund",4824,4873,5000,5006,5185,5295,5425,5529,5637,5661,5892,6313,6719,7259,7710,8079,8380,8516,8645
"0583 Motala","svensk bakgrund",37254,37142,37062,36906,36774,36765,36528,36314,36318,36167,35975,35874,35837,35644,35548,35470,35307,35157,34995
"0584 Vadstena","utländsk bakgrund",470,471,476,480,537,562,571,578,585,602,605,645,661,676,728,781,811,779,773
"0584 Vadstena","svensk bakgrund",7159,7111,7086,7047,7004,6974,6904,6842,6806,6715,6733,6738,6732,6731,6620,6640,6703,6649,6650
"0586 Mjölby","utländsk bakgrund",1689,1724,1791,1797,1883,1992,2052,2168,2261,2396,2506,2605,2770,2977,3253,3591,3835,4088,4230
"0586 Mjölby","svensk bakgrund",23464,23467,23535,23461,23465,23543,23602,23602,23595,23677,23689,23708,23658,23625,23455,23428,23538,23670,23730
"0604 Aneby","utländsk bakgrund",418,429,452,458,487,530,603,581,592,638,650,651,719,819,897,1002,1042,1071,1086
"0604 Aneby","svensk bakgrund",6213,6237,6172,6118,6064,5976,5920,5865,5801,5777,5757,5724,5707,5718,5706,5774,5790,5777,5735
"0617 Gnosjö","utländsk bakgrund",2400,2382,2342,2308,2309,2414,2491,2466,2520,2511,2559,2690,2851,2946,3062,3190,3262,3271,3266
"0617 Gnosjö","svensk bakgrund",7597,7544,7468,7445,7289,7243,7167,7070,7026,6889,6795,6716,6658,6568,6553,6543,6514,6441,6348
"0642 Mullsjö","utländsk bakgrund",637,611,610,612,616,646,662,674,691,697,697,703,746,799,850,949,954,960,1021
"0642 Mullsjö","svensk bakgrund",6487,6518,6491,6475,6459,6400,6424,6353,6342,6337,6373,6336,6363,6358,6376,6379,6370,6330,6364
"0643 Habo","utländsk bakgrund",616,601,613,617,654,695,737,785,782,804,819,845,877,908,995,1107,1200,1271,1281
"0643 Habo","svensk bakgrund",8968,8967,9145,9225,9468,9680,9789,9889,9959,10024,10060,10130,10233,10406,10591,10738,10940,11162,11308
"0662 Gislaved","utländsk bakgrund",6142,6229,6205,6161,6257,6379,6571,6641,6687,6673,6761,6964,7148,7851,8419,8861,9298,9585,9600
"0662 Gislaved","svensk bakgrund",23834,23727,23545,23328,23070,22951,22809,22571,22424,22195,21971,21749,21589,21421,21059,20768,20559,20378,20035
"0665 Vaggeryd","utländsk bakgrund",1743,1790,1821,1879,2026,2129,2219,2224,2231,2305,2340,2388,2447,2577,2780,2912,3010,3193,3355
"0665 Vaggeryd","svensk bakgrund",10860,10866,10839,10786,10790,10810,10762,10735,10760,10855,10808,10821,10782,10795,10864,10928,10970,11082,11177
"0680 Jönköping","utländsk bakgrund",17009,17527,17927,18516,19545,20713,21834,22668,23368,23876,24588,25584,26886,27842,29555,31402,33123,34841,35921
"0680 Jönköping","svensk bakgrund",101572,101813,102000,102449,102649,102996,103320,103663,104014,104429,104890,105214,105254,105468,105742,106079,106099,106240,106506
"0682 Nässjö","utländsk bakgrund",2591,2704,2816,2871,3110,3415,3679,3853,3973,4202,4424,4820,5423,6078,6604,7084,7518,7731,7904
"0682 Nässjö","svensk bakgrund",26750,26633,26561,26443,26259,26046,25832,25636,25366,25165,24958,24696,24484,24373,24216,24094,23959,23807,23659
"0683 Värnamo","utländsk bakgrund",5443,5678,5822,6050,6260,6462,6605,6678,6826,6964,7184,7418,7709,7956,8443,8781,9080,9296,9390
"0683 Värnamo","svensk bakgrund",26809,26672,26642,26650,26581,26468,26218,26075,26007,25970,25828,25737,25625,25517,25463,25425,25348,25264,25140
"0684 Sävsjö","utländsk bakgrund",958,1008,1050,1108,1178,1224,1311,1389,1418,1493,1572,1769,2029,2196,2407,2593,2723,2769,2796
"0684 Sävsjö","svensk bakgrund",10017,9960,9923,9881,9807,9713,9572,9482,9412,9378,9272,9200,9071,9032,8989,8903,8908,8908,8925
"0685 Vetlanda","utländsk bakgrund",2178,2255,2381,2476,2643,2868,3051,3139,3229,3337,3430,3636,3993,4306,4735,5061,5239,5349,5518
"0685 Vetlanda","svensk bakgrund",24250,24143,24150,23983,23737,23497,23292,23211,23075,22965,22867,22783,22654,22567,22506,22354,22265,22117,21984
"0686 Eksjö","utländsk bakgrund",1161,1182,1222,1290,1342,1407,1451,1558,1556,1637,1790,1915,2047,2265,2669,3046,3226,3290,3374
"0686 Eksjö","svensk bakgrund",15600,15474,15349,15285,15174,15028,14861,14795,14688,14667,14578,14549,14551,14525,14460,14370,14441,14463,14414
"0687 Tranås","utländsk bakgrund",1566,1591,1610,1643,1708,1851,1912,1962,2099,2148,2152,2326,2556,2769,3068,3351,3618,3770,3847
"0687 Tranås","svensk bakgrund",16152,16118,16141,16122,16057,16069,16154,16081,16020,15960,15993,15871,15860,15777,15726,15543,15369,15233,15056
"0760 Uppvidinge","utländsk bakgrund",1007,1045,1088,1167,1278,1364,1371,1415,1457,1561,1730,1839,1841,1985,2173,2334,2447,2543,2555
"0760 Uppvidinge","svensk bakgrund",8573,8508,8426,8299,8230,8120,7976,7905,7787,7655,7546,7449,7381,7334,7335,7227,7134,7045,6943
"0761 Lessebo","utländsk bakgrund",899,950,1008,1027,1089,1160,1234,1314,1400,1400,1443,1638,1977,2345,2596,2680,2776,2757,2702
"0761 Lessebo","svensk bakgrund",7356,7277,7190,7100,7010,6910,6851,6851,6739,6677,6569,6421,6279,6171,6164,6126,6004,5976,5953
"0763 Tingsryd","utländsk bakgrund",993,1005,1071,1103,1151,1243,1313,1370,1378,1425,1441,1584,1754,1949,2145,2225,2286,2349,2391
"0763 Tingsryd","svensk bakgrund",12182,12008,11821,11690,11561,11357,11189,10988,10853,10810,10700,10572,10444,10311,10248,10226,10121,10044,9978
"0764 Alvesta","utländsk bakgrund",2038,2067,2099,2089,2268,2458,2607,2774,2917,3107,3388,3734,4074,4331,4622,4864,5081,5222,5348
"0764 Alvesta","svensk bakgrund",16892,16812,16766,16595,16473,16318,16168,15983,15885,15810,15646,15546,15429,15250,15228,15162,15069,14912,14876
"0765 Älmhult","utländsk bakgrund",1561,1657,1732,1788,1933,2063,2247,2402,2531,2653,2807,2914,3159,3501,3986,4642,5126,5344,5572
"0765 Älmhult","svensk bakgrund",13883,13780,13689,13558,13435,13315,13164,13168,13072,12976,12917,12845,12749,12667,12632,12506,12442,12307,12312
"0767 Markaryd","utländsk bakgrund",1362,1389,1475,1495,1589,1691,1754,1782,1830,1846,1898,1993,2084,2347,2607,2832,2969,3063,3124
"0767 Markaryd","svensk bakgrund",8253,8205,8161,8076,8024,7950,7846,7777,7789,7667,7579,7522,7465,7432,7384,7338,7291,7257,7249
"0780 Växjö","utländsk bakgrund",9403,9860,10380,10727,11686,12644,13627,14638,15411,15927,16481,17441,18339,19100,20246,21422,22608,23725,24271
"0780 Växjö","svensk bakgrund",65633,65988,66375,66636,66787,66918,67447,67385,67594,67783,68319,68381,68631,69008,69254,69638,69959,70404,70588
"0781 Ljungby","utländsk bakgrund",3269,3361,3495,3534,3688,3955,4229,4347,4427,4571,4805,4903,5216,5462,5898,6319,6631,6758,6811
"0781 Ljungby","svensk bakgrund",23674,23536,23509,23559,23433,23321,23201,23063,22870,22786,22618,22374,22306,22176,22110,21978,21942,21763,21590
"0821 Högsby","utländsk bakgrund",648,754,725,653,689,713,781,845,853,895,900,968,1110,1293,1593,1679,1750,1689,1588
"0821 Högsby","svensk bakgrund",5652,5594,5519,5413,5344,5218,5149,5028,4924,4873,4830,4750,4672,4564,4487,4408,4344,4232,4143
"0834 Torsås","utländsk bakgrund",391,414,452,480,496,510,544,588,600,579,590,626,679,767,946,923,957,957,957
"0834 Torsås","svensk bakgrund",6902,6817,6811,6760,6658,6623,6532,6456,6362,6307,6268,6253,6246,6176,6117,6160,6141,6168,6192
"0840 Mörbylånga","utländsk bakgrund",613,637,622,636,646,683,711,786,815,851,889,945,1024,1117,1424,1426,1471,1509,1543
"0840 Mörbylånga","svensk bakgrund",12817,12844,12781,12769,12874,12925,13026,13048,13206,13287,13367,13423,13474,13552,13492,13574,13577,13740,13944
"0860 Hultsfred","utländsk bakgrund",1380,1374,1384,1430,1521,1645,1745,1782,1808,1882,2005,2215,2413,2749,3546,3623,3530,3518,3436
"0860 Hultsfred","svensk bakgrund",13513,13365,13207,13026,12785,12551,12301,12073,11888,11633,11545,11420,11325,11170,11061,10956,10830,10706,10671
"0861 Mönsterås","utländsk bakgrund",894,928,949,948,1011,1045,1077,1150,1179,1228,1256,1442,1612,1764,2078,2217,2321,2330,2269
"0861 Mönsterås","svensk bakgrund",12326,12328,12277,12155,12100,12069,11879,11830,11730,11625,11543,11507,11445,11380,11317,11281,11244,11100,10995
"0862 Emmaboda","utländsk bakgrund",985,1003,1045,1092,1120,1139,1192,1209,1246,1258,1263,1317,1427,1529,1841,1978,2099,2211,2227
"0862 Emmaboda","svensk bakgrund",8705,8656,8598,8451,8316,8244,8139,8014,7941,7781,7728,7647,7582,7561,7507,7390,7301,7234,7133
"0880 Kalmar","utländsk bakgrund",5367,5570,5711,5966,6342,6611,6819,7243,7601,7863,8188,8482,8965,9689,10345,11020,11747,12428,12998
"0880 Kalmar","svensk bakgrund",54699,54845,54938,54958,54979,54922,54874,55145,55214,55192,55483,55405,55711,56015,56226,56431,56763,57039,57331
"0881 Nybro","utländsk bakgrund",1927,1976,1979,2015,2083,2148,2202,2352,2463,2584,2590,2702,3127,3379,4154,4350,4437,4492,4552
"0881 Nybro","svensk bakgrund",17944,17992,17903,17760,17597,17495,17355,17224,17188,17052,16896,16787,16587,16375,16157,16056,15913,15826,15721
"0882 Oskarshamn","utländsk bakgrund",2314,2432,2557,2600,2683,2807,2959,3073,3106,3221,3329,3507,3716,3947,4566,4580,4820,4972,5165
"0882 Oskarshamn","svensk bakgrund",23847,23821,23743,23647,23561,23487,23350,23159,23057,22945,22815,22705,22585,22503,22440,22348,22108,22130,21982
"0883 Västervik","utländsk bakgrund",2676,2726,2759,2782,2910,3006,3058,3187,3276,3349,3460,3705,3878,4169,4737,4916,5095,5148,5156
"0883 Västervik","svensk bakgrund",34237,34042,33807,33723,33490,33452,33298,33103,32930,32666,32432,32162,32042,31880,31701,31635,31585,31531,31499
"0884 Vimmerby","utländsk bakgrund",906,986,1032,1075,1126,1212,1252,1341,1360,1417,1495,1510,1603,1777,2060,2257,2407,2432,2474
"0884 Vimmerby","svensk bakgrund",14722,14635,14564,14538,14462,14396,14299,14197,14113,13980,13908,13777,13694,13642,13576,13471,13357,13215,13198
"0885 Borgholm","utländsk bakgrund",592,602,597,589,623,655,677,778,774,767,930,846,977,1056,1354,1306,1340,1340,1299
"0885 Borgholm","svensk bakgrund",10570,10545,10536,10478,10360,10278,10178,10028,9902,9855,9838,9773,9704,9625,9576,9551,9533,9499,9537
"0980 Gotland","utländsk bakgrund",2735,2813,2861,2920,2994,3063,3125,3237,3322,3386,3487,3557,3685,3922,4436,4773,5234,5507,5660
"0980 Gotland","svensk bakgrund",54646,54722,54800,54568,54303,54059,53879,53984,53947,53922,53754,53604,53570,53469,53567,53822,54015,54179,54464
"1060 Olofström","utländsk bakgrund",2980,2995,2986,2966,2978,2973,3026,3046,3040,3041,3152,3245,3461,3674,4002,4114,4220,4219,4158
"1060 Olofström","svensk bakgrund",10657,10546,10538,10425,10377,10225,10141,10056,9948,9835,9744,9657,9570,9496,9415,9368,9296,9207,9153
"1080 Karlskrona","utländsk bakgrund",4321,4466,4742,5057,5573,6215,6778,7432,8010,8207,7773,8057,8582,9509,10282,10696,10780,10983,10930
"1080 Karlskrona","svensk bakgrund",56355,56391,56395,56326,56271,56123,56026,55910,56022,56008,55918,55855,55766,55871,55980,55970,55895,55639,55585
"1081 Ronneby","utländsk bakgrund",2405,2456,2498,2674,2873,3075,3241,3444,3560,3421,3514,3738,4176,4855,5509,6038,6358,6491,6343
"1081 Ronneby","svensk bakgrund",26067,25831,25785,25684,25570,25416,25248,24972,24694,24489,24274,24133,24045,23842,23698,23530,23337,23142,23029
"1082 Karlshamn","utländsk bakgrund",2330,2412,2537,2673,2881,2969,3076,3190,3385,3537,3721,3985,4308,4598,5033,5291,5535,5774,5858
"1082 Karlshamn","svensk bakgrund",28409,28367,28310,28333,28298,28083,27883,27728,27758,27648,27411,27287,27290,27248,27097,26909,26795,26699,26544
"1083 Sölvesborg","utländsk bakgrund",1522,1551,1630,1643,1739,1854,1909,1969,2000,2010,2046,2075,2244,2392,2620,2665,2673,2651,2576
"1083 Sölvesborg","svensk bakgrund",14829,14874,14914,14915,14876,14967,14931,14844,14810,14783,14762,14725,14715,14768,14817,14790,14795,14801,14880
"1214 Svalöv","utländsk bakgrund",1464,1526,1589,1616,1661,1742,1817,1897,1950,1992,2073,2217,2371,2576,2828,2928,3065,3237,3264
"1214 Svalöv","svensk bakgrund",11241,11307,11384,11396,11394,11401,11367,11393,11292,11258,11202,11115,11089,11079,11091,11097,11058,11031,11012
"1230 Staffanstorp","utländsk bakgrund",2135,2167,2179,2252,2421,2604,2772,2953,3035,3091,3172,3288,3443,3545,3815,4129,4399,4849,5159
"1230 Staffanstorp","svensk bakgrund",17975,18071,18215,18350,18419,18604,18895,18996,19224,19205,19362,19384,19551,19574,19785,20038,20325,20547,20724
"1231 Burlöv","utländsk bakgrund",3797,3877,4049,4269,4699,5056,5419,5778,6038,6156,6386,6529,6791,7062,7327,7810,8138,8671,8784
"1231 Burlöv","svensk bakgrund",11529,11380,11246,11051,10963,10896,10811,10731,10663,10687,10625,10585,10420,10368,10319,10263,10222,10441,10528
"1233 Vellinge","utländsk bakgrund",2036,2083,2128,2275,2430,2597,2753,2874,2930,3037,3103,3167,3263,3417,3661,3944,4176,4165,4227
"1233 Vellinge","svensk bakgrund",29051,29217,29468,29447,29840,29968,30090,30288,30373,30473,30512,30640,30847,31250,31596,31846,32323,32463,32688
"1256 Östra Göinge","utländsk bakgrund",1133,1171,1155,1209,1276,1270,1251,1262,1379,1420,1532,1749,2004,2396,2852,3177,3418,3534,3543
"1256 Östra Göinge","svensk bakgrund",12954,12876,12823,12782,12610,12558,12411,12264,12211,12183,12088,11938,11860,11706,11554,11538,11497,11473,11474
"1257 Örkelljunga","utländsk bakgrund",1064,1119,1162,1234,1278,1380,1395,1478,1534,1582,1620,1652,1737,1834,1981,2043,2179,2303,2366
"1257 Örkelljunga","svensk bakgrund",8355,8364,8338,8319,8251,8197,8197,8161,8097,8081,8035,8001,7996,7997,7977,8004,7995,7977,8085
"1260 Bjuv","utländsk bakgrund",2499,2579,2720,2761,2959,3193,3386,3545,3660,3728,3751,3731,3889,4090,4414,4754,4952,5175,5272
"1260 Bjuv","svensk bakgrund",11175,11231,11172,11246,11240,11277,11227,11268,11181,11123,11115,11070,11005,10872,10788,10675,10549,10540,10425
"1261 Kävlinge","utländsk bakgrund",2095,2194,2251,2328,2519,2584,2679,2784,2905,2983,3064,3107,3267,3416,3640,3888,4153,4273,4425
"1261 Kävlinge","svensk bakgrund",23096,23345,23773,24376,24850,25162,25576,25854,26108,26278,26363,26493,26541,26688,26892,27071,27338,27432,27595
"1262 Lomma","utländsk bakgrund",1392,1412,1473,1500,1557,1673,1781,1874,1987,2035,2112,2159,2255,2331,2524,2715,2974,3108,3101
"1262 Lomma","svensk bakgrund",16775,16899,17122,17354,17877,18350,18668,19191,19572,19982,20186,20337,20691,20993,21363,21549,21789,21726,21775
"1263 Svedala","utländsk bakgrund",1514,1538,1616,1650,1814,1898,2025,2115,2190,2219,2261,2308,2348,2473,2722,2966,3221,3482,3729
"1263 Svedala","svensk bakgrund",16637,16731,16925,17066,17174,17251,17365,17510,17632,17586,17710,17759,17900,17989,18049,18108,18355,18747,18936
"1264 Skurup","utländsk bakgrund",1214,1299,1372,1433,1582,1716,1765,1820,1854,1847,1881,1949,2032,2086,2301,2486,2577,2669,2737
"1264 Skurup","svensk bakgrund",12735,12800,12871,12982,13121,13072,13019,13047,13127,13099,13074,13076,13135,13063,13107,13156,13182,13220,13305
"1265 Sjöbo","utländsk bakgrund",1037,1137,1229,1314,1435,1560,1611,1702,1757,1809,1859,1942,2029,2090,2216,2361,2428,2477,2548
"1265 Sjöbo","svensk bakgrund",15990,16062,16175,16187,16286,16455,16482,16451,16355,16334,16431,16459,16386,16424,16526,16710,16725,16749,16864
"1266 Hörby","utländsk bakgrund",1087,1144,1201,1251,1405,1503,1640,1716,1788,1821,1895,1931,2013,2089,2249,2454,2487,2480,2448
"1266 Hörby","svensk bakgrund",12862,12907,13015,13023,13135,13081,13117,13046,13052,13080,13063,12986,12914,12931,13034,13098,13148,13151,13205
"1267 Höör","utländsk bakgrund",1354,1389,1510,1556,1626,1715,1810,1844,1930,1973,2016,2028,2053,2105,2235,2366,2462,2482,2508
"1267 Höör","svensk bakgrund",12815,12889,13010,13048,13151,13209,13229,13417,13530,13519,13510,13609,13717,13865,13957,14112,14175,14231,14322
"1270 Tomelilla","utländsk bakgrund",841,895,925,959,1053,1111,1222,1292,1337,1372,1474,1502,1573,1707,1860,1956,2083,2192,2182
"1270 Tomelilla","svensk bakgrund",11606,11620,11636,11723,11666,11661,11594,11644,11577,11558,11443,11389,11434,11425,11470,11460,11474,11425,11481
"1272 Bromölla","utländsk bakgrund",1178,1165,1202,1256,1312,1396,1484,1522,1578,1703,1735,1821,1937,2073,2236,2369,2588,2667,2708
"1272 Bromölla","svensk bakgrund",10844,10829,10878,10842,10833,10785,10716,10763,10694,10663,10515,10515,10463,10440,10389,10330,10288,10203,10051
"1273 Osby","utländsk bakgrund",1107,1202,1229,1239,1330,1435,1564,1607,1685,1800,1832,1890,2031,2176,2428,2594,2727,2765,2794
"1273 Osby","svensk bakgrund",11530,11505,11396,11361,11304,11188,11084,11049,11039,10899,10805,10823,10797,10778,10721,10588,10540,10443,10404
"1275 Perstorp","utländsk bakgrund",1134,1168,1174,1220,1261,1346,1411,1489,1606,1659,1627,1699,1765,1834,2051,2084,2290,2361,2416
"1275 Perstorp","svensk bakgrund",5655,5637,5719,5666,5637,5584,5561,5494,5455,5500,5469,5440,5409,5377,5287,5251,5189,5131,5060
"1276 Klippan","utländsk bakgrund",1805,1957,1972,2020,2119,2261,2445,2587,2693,2744,2740,2816,2943,3120,3494,3739,3977,4142,4169
"1276 Klippan","svensk bakgrund",13940,14006,14026,14028,13987,13993,13891,13795,13822,13857,13920,13899,13790,13797,13725,13723,13623,13614,13569
"1277 Åstorp","utländsk bakgrund",2344,2469,2540,2672,2930,3164,3427,3532,3663,3715,3871,4020,4192,4436,4822,5185,5319,5391,5610
"1277 Åstorp","svensk bakgrund",10806,10857,10849,10869,10955,11069,11106,11135,11074,11074,10935,10907,10869,10757,10706,10643,10668,10549,10453
"1278 Båstad","utländsk bakgrund",1169,1190,1179,1217,1289,1356,1448,1505,1577,1603,1695,1751,1871,1963,2165,2331,2403,2476,2554
"1278 Båstad","svensk bakgrund",12840,12898,12843,12827,12881,12886,12755,12764,12701,12627,12568,12524,12548,12410,12449,12465,12545,12652,12859
"1280 Malmö","utländsk bakgrund",84840,87300,90416,93520,99236,104633,109884,115830,120117,123531,127613,131590,135509,139240,144718,150303,155913,160711,164257
"1280 Malmö","svensk bakgrund",180641,179871,178726,177751,177008,176168,176651,178079,178846,179304,180145,181404,182598,183334,183776,183330,183400,183455,183692
"1281 Lund","utländsk bakgrund",17195,17733,17852,18392,18938,20119,21577,22837,23734,24393,25215,26099,27170,27576,29088,31308,33108,34580,35362
"1281 Lund","svensk bakgrund",83207,83262,83571,83865,84348,85167,85774,86310,86754,87273,87735,88192,88798,89258,89454,89966,89840,90355,90579
"1282 Landskrona","utländsk bakgrund",9580,9902,10266,10707,11378,11831,12441,12818,13174,13411,13765,14273,14791,15227,15770,16392,16698,16971,17070
"1282 Landskrona","svensk bakgrund",28895,28756,28773,28639,28640,28588,28419,28408,28550,28778,28795,28800,28783,28734,28841,28894,29077,29119,29235
"1283 Helsingborg","utländsk bakgrund",24172,24906,25736,26543,27869,29501,31026,32529,33489,34663,36229,37340,39402,41860,44358,47253,49690,52036,53797
"1283 Helsingborg","svensk bakgrund",95234,95248,95443,95519,95520,95485,95728,95830,95688,95963,95782,95649,95942,96049,96189,96051,95725,95698,95483
"1284 Höganäs","utländsk bakgrund",2251,2338,2368,2475,2603,2716,2840,2946,3047,3170,3257,3339,3477,3655,3944,4139,4354,4568,4633
"1284 Höganäs","svensk bakgrund",20539,20665,20767,21007,21254,21349,21408,21534,21590,21528,21606,21745,21821,21955,21903,22054,22212,22374,22535
"1285 Eslöv","utländsk bakgrund",4247,4400,4556,4740,4954,5225,5457,5590,5813,6025,6084,6212,6543,6801,7265,7739,8140,8463,8868
"1285 Eslöv","svensk bakgrund",24738,25000,25184,25347,25483,25550,25666,25679,25774,25703,25660,25708,25636,25637,25613,25497,25417,25330,25255
"1286 Ystad","utländsk bakgrund",2109,2214,2296,2345,2440,2542,2590,2663,2737,2803,2881,2950,3039,3166,3535,3674,3901,3982,4105
"1286 Ystad","svensk bakgrund",24274,24441,24602,24775,24958,25177,25280,25446,25601,25624,25677,25673,25732,25819,25913,26174,26325,26559,26865
"1287 Trelleborg","utländsk bakgrund",5896,5995,6157,6325,6731,7066,7366,7641,7782,7961,8073,8288,8543,8842,9190,9753,10109,10468,10750
"1287 Trelleborg","svensk bakgrund",32863,33115,33320,33505,33589,33953,34192,34250,34437,34581,34532,34549,34430,34517,34723,34842,34793,34972,35127
"1290 Kristianstad","utländsk bakgrund",8606,9209,9593,9987,10729,11563,12387,13217,14026,14599,15193,15966,16919,17735,18575,19624,20381,21298,22073
"1290 Kristianstad","svensk bakgrund",66345,66085,65999,65928,65811,65682,65590,65571,65517,65331,65314,65043,64907,64775,64616,64527,64527,64449,64144
"1291 Simrishamn","utländsk bakgrund",1353,1447,1485,1550,1641,1635,1730,1820,1873,1865,1925,2045,2206,2433,2897,2926,2931,2939,2922
"1291 Simrishamn","svensk bakgrund",18053,18052,17985,17875,17777,17671,17626,17508,17424,17282,17072,16906,16699,16632,16588,16450,16347,16235,16305
"1292 Ängelholm","utländsk bakgrund",3411,3489,3587,3696,3828,3980,4134,4326,4534,4703,4851,5059,5284,5516,5912,6348,6597,6799,6958
"1292 Ängelholm","svensk bakgrund",34295,34370,34553,34651,34854,34769,34720,34757,34860,34923,34891,34807,34945,35216,35424,35438,35534,35677,35952
"1293 Hässleholm","utländsk bakgrund",4819,5033,5349,5588,5913,6478,6849,7062,7298,7521,7762,8041,8538,9086,9901,10423,10803,11061,11174
"1293 Hässleholm","svensk bakgrund",43717,43754,43596,43560,43468,43302,43157,42974,42809,42643,42401,42186,42027,41962,41766,41580,41318,41084,40836
"1315 Hylte","utländsk bakgrund",1459,1512,1605,1602,1716,1719,1850,1943,1983,2070,2096,2198,2497,2833,3313,3461,3466,3468,3357
"1315 Hylte","svensk bakgrund",8942,8865,8827,8766,8655,8538,8423,8334,8194,8056,7936,7803,7781,7681,7641,7529,7448,7347,7292
"1380 Halmstad","utländsk bakgrund",13568,14028,14293,14607,15117,15681,16226,16734,17222,17562,18098,18731,19922,21091,22393,23461,24771,25948,26784
"1380 Halmstad","svensk bakgrund",73017,73344,73636,73617,73841,74046,74015,74353,74578,74732,75133,75353,75610,75861,76145,76291,76497,76819,76970
"1381 Laholm","utländsk bakgrund",1931,2020,2089,2142,2247,2391,2491,2585,2722,2779,2812,2881,3206,3610,4013,4379,4586,4841,4849
"1381 Laholm","svensk bakgrund",20819,20863,20866,20895,20906,20798,20767,20760,20668,20691,20646,20636,20575,20585,20651,20768,20905,21062,21118
"1382 Falkenberg","utländsk bakgrund",4185,4313,4523,4599,4805,5080,5283,5393,5586,5760,5888,6293,6598,7048,7841,8009,8326,8731,9088
"1382 Falkenberg","svensk bakgrund",34711,34832,34915,35006,35069,35084,35168,35346,35422,35544,35535,35619,35835,35901,36026,36186,36375,36636,36963
"1383 Varberg","utländsk bakgrund",4794,4922,5024,5160,5331,5552,5698,6009,6243,6397,6599,6917,7127,7433,7879,8318,8728,9172,9422
"1383 Varberg","svensk bakgrund",48552,48970,49314,49657,50128,50562,50975,51430,51841,52179,52587,53019,53295,53597,53989,54437,54902,55429,55975
"1384 Kungsbacka","utländsk bakgrund",4654,4780,4894,5007,5202,5300,5446,5660,5835,6058,6276,6515,6752,7063,7469,8224,8886,9328,9528
"1384 Kungsbacka","svensk bakgrund",61919,62873,63802,64810,65842,66642,67230,68278,69190,69896,70510,70875,71467,72081,72973,73762,74462,75067,75402
"1401 Härryda","utländsk bakgrund",3728,3856,3966,4011,4097,4255,4363,4413,4490,4558,4636,4773,4887,5023,5299,5545,5905,6024,6202
"1401 Härryda","svensk bakgrund",27116,27352,27710,28038,28298,28714,29217,29594,29973,30296,30587,30959,31404,31628,31809,31867,31897,31953,32044
"1402 Partille","utländsk bakgrund",5409,5571,5644,5838,6018,6121,6303,6591,6786,6917,7138,7363,7580,7941,8300,8863,9390,10048,10437
"1402 Partille","svensk bakgrund",27679,27621,27637,27705,27596,27578,27499,27791,28298,28601,28699,28784,28948,29036,29016,29017,29053,29241,29075
"1407 Öckerö","utländsk bakgrund",536,541,536,547,566,560,598,596,615,618,631,666,688,724,815,931,1029,1041,1025
"1407 Öckerö","svensk bakgrund",11445,11540,11611,11684,11663,11696,11652,11696,11834,11869,11908,11908,11957,11958,11958,11992,11916,11875,11909
"1415 Stenungsund","utländsk bakgrund",2108,2177,2228,2229,2266,2363,2420,2483,2561,2659,2692,2767,2858,2992,3200,3464,3645,3812,3915
"1415 Stenungsund","svensk bakgrund",19647,20114,20514,20718,20924,21026,21237,21500,21731,21942,22176,22165,22417,22516,22615,22760,22858,22965,23129
"1419 Tjörn","utländsk bakgrund",952,954,987,1026,1026,1025,1044,1092,1077,1120,1183,1263,1302,1346,1455,1560,1663,1736,1779
"1419 Tjörn","svensk bakgrund",13874,13937,14032,13996,13928,13919,13919,13869,13878,13839,13791,13787,13833,13969,14129,14230,14259,14280,14368
"1421 Orust","utländsk bakgrund",877,907,919,916,935,988,1016,1082,1072,1108,1137,1167,1222,1272,1388,1472,1507,1565,1617
"1421 Orust","svensk bakgrund",14236,14253,14241,14272,14250,14385,14311,14226,14149,14021,13946,13869,13832,13738,13705,13636,13603,13653,13698
"1427 Sotenäs","utländsk bakgrund",630,622,630,627,667,698,698,752,757,782,815,831,827,852,955,999,1056,1113,1094
"1427 Sotenäs","svensk bakgrund",8837,8737,8706,8684,8616,8582,8472,8360,8295,8225,8189,8097,8104,8154,8110,8074,7974,7948,8006
"1430 Munkedal","utländsk bakgrund",737,783,779,789,833,869,895,936,921,993,993,1038,1126,1178,1394,1451,1525,1529,1611
"1430 Munkedal","svensk bakgrund",9697,9622,9539,9495,9413,9387,9350,9310,9260,9230,9180,9167,9117,9027,8967,8972,8978,8984,8971
"1435 Tanum","utländsk bakgrund",1029,1083,1114,1115,1147,1167,1198,1240,1313,1346,1364,1386,1412,1481,1627,1779,1884,1879,1869
"1435 Tanum","svensk bakgrund",11181,11205,11203,11137,11106,11079,11073,11013,11057,10974,10906,10917,10934,10974,10979,10984,10989,10962,11043
"1438 Dals-Ed","utländsk bakgrund",673,666,676,662,709,709,716,675,666,688,681,764,776,817,851,843,877,857,815
"1438 Dals-Ed","svensk bakgrund",4371,4348,4265,4229,4191,4126,4072,4054,4026,3991,3984,3976,3988,3982,3926,3920,3929,3956,3946
"1439 Färgelanda","utländsk bakgrund",433,460,499,485,506,558,601,628,673,687,676,689,698,769,904,917,933,966,978
"1439 Färgelanda","svensk bakgrund",6506,6381,6387,6339,6273,6212,6143,6063,5981,5919,5873,5831,5804,5726,5723,5675,5669,5671,5680
"1440 Ale","utländsk bakgrund",3916,4015,4151,4225,4353,4551,4690,4819,4846,4959,5092,5213,5440,5657,6094,6582,7044,7473,7798
"1440 Ale","svensk bakgrund",21919,21978,22137,22180,22447,22541,22633,22575,22596,22618,22750,22861,22983,23205,23455,23641,23882,23929,24070
"1441 Lerum","utländsk bakgrund",3588,3676,3790,3822,3957,4097,4189,4263,4328,4381,4508,4542,4665,4832,5090,5574,5855,6120,6237
"1441 Lerum","svensk bakgrund",31970,32214,32434,32684,33135,33614,33896,34038,34252,34407,34562,34777,35106,35349,35602,35936,36282,36448,36783
"1442 Vårgårda","utländsk bakgrund",1008,1055,1067,1087,1094,1174,1199,1223,1207,1227,1256,1314,1366,1450,1579,1709,1828,1939,2047
"1442 Vårgårda","svensk bakgrund",9660,9637,9613,9669,9802,9814,9777,9744,9736,9767,9774,9751,9723,9715,9716,9781,9830,9871,9899
"1443 Bollebygd","utländsk bakgrund",621,650,654,672,709,709,761,773,797,806,835,882,909,965,1062,1155,1243,1301,1280
"1443 Bollebygd","svensk bakgrund",7210,7241,7319,7414,7470,7484,7471,7480,7578,7550,7672,7680,7743,7834,8040,8107,8184,8194,8264
"1444 Grästorp","utländsk bakgrund",294,301,299,312,377,400,408,440,418,413,431,438,442,467,508,516,529,543,534
"1444 Grästorp","svensk bakgrund",5554,5534,5495,5450,5432,5431,5443,5417,5358,5261,5208,5203,5188,5177,5213,5234,5202,5150,5151
"1445 Essunga","utländsk bakgrund",331,336,338,332,359,355,377,420,430,428,459,473,503,524,554,567,620,657,670
"1445 Essunga","svensk bakgrund",5426,5400,5412,5385,5292,5283,5248,5181,5134,5065,5043,5021,5035,5066,5066,5080,5051,4997,5017
"1446 Karlsborg","utländsk bakgrund",256,279,292,291,302,344,351,378,391,381,401,474,501,539,700,753,754,727,724
"1446 Karlsborg","svensk bakgrund",6711,6644,6613,6607,6578,6506,6439,6406,6361,6341,6298,6283,6285,6225,6213,6201,6187,6213,6238
"1447 Gullspång","utländsk bakgrund",487,509,518,527,562,584,634,648,688,723,779,806,912,936,1066,1054,1111,1122,1096
"1447 Gullspång","svensk bakgrund",5278,5217,5135,5068,4944,4841,4737,4687,4603,4528,4442,4379,4328,4293,4241,4226,4182,4158,4073
"1452 Tranemo","utländsk bakgrund",1499,1509,1535,1561,1614,1676,1711,1734,1763,1853,1890,1933,2061,2099,2286,2392,2527,2619,2601
"1452 Tranemo","svensk bakgrund",10489,10378,10359,10243,10128,10074,10010,9888,9824,9753,9683,9598,9579,9520,9490,9449,9347,9317,9284
"1460 Bengtsfors","utländsk bakgrund",1024,1057,1034,1061,1130,1185,1230,1308,1346,1392,1420,1510,1586,1743,2113,2206,2244,2251,2164
"1460 Bengtsfors","svensk bakgrund",9492,9379,9301,9164,8950,8772,8667,8533,8445,8288,8168,8040,7970,7883,7827,7699,7602,7499,7427
"1461 Mellerud","utländsk bakgrund",956,1001,1037,1055,1169,1197,1203,1183,1226,1214,1224,1249,1379,1701,1913,1968,2022,2057,2055
"1461 Mellerud","svensk bakgrund",8851,8791,8691,8583,8454,8356,8239,8078,7953,7854,7722,7643,7557,7468,7410,7409,7332,7253,7257
"1462 Lilla Edet","utländsk bakgrund",1973,2016,2020,2008,2074,2117,2147,2140,2087,2071,2122,2245,2365,2468,2759,2939,3065,3164,3352
"1462 Lilla Edet","svensk bakgrund",11037,10967,10882,10881,10762,10718,10684,10633,10491,10469,10458,10584,10666,10710,10969,11022,10981,10945,10930
"1463 Mark","utländsk bakgrund",3560,3670,3739,3784,3852,3957,4085,4121,4303,4400,4490,4587,4751,4890,5228,5493,5778,5918,6097
"1463 Mark","svensk bakgrund",29455,29548,29617,29710,29742,29772,29722,29700,29542,29391,29273,29166,29136,29016,28990,28991,29003,28836,28799
"1465 Svenljunga","utländsk bakgrund",1048,1048,1109,1152,1189,1289,1318,1339,1415,1453,1465,1561,1647,1781,1961,1986,2080,2101,2150
"1465 Svenljunga","svensk bakgrund",9481,9397,9359,9278,9216,9142,8995,8952,8873,8829,8774,8738,8718,8725,8718,8673,8603,8679,8601
"1466 Herrljunga","utländsk bakgrund",878,878,885,897,904,942,989,1057,1079,1127,1155,1201,1260,1286,1384,1429,1473,1496,1473
"1466 Herrljunga","svensk bakgrund",8608,8562,8532,8408,8339,8362,8291,8291,8235,8157,8127,8073,8116,8063,8102,8056,8021,7968,7971
"1470 Vara","utländsk bakgrund",1024,1040,1062,1104,1133,1192,1221,1243,1303,1350,1366,1418,1501,1614,1782,1912,2005,2123,2262
"1470 Vara","svensk bakgrund",14985,14955,14964,14904,14828,14816,14647,14528,14459,14344,14191,14191,14096,14048,14006,14030,13947,13901,13834
"1471 Götene","utländsk bakgrund",992,993,1018,1052,1119,1205,1269,1326,1342,1360,1375,1407,1507,1583,1728,1736,1796,1821,1839
"1471 Götene","svensk bakgrund",11991,11999,11932,11827,11840,11851,11816,11860,11881,11774,11717,11621,11573,11577,11547,11506,11436,11386,11355
"1472 Tibro","utländsk bakgrund",1000,1063,1056,1095,1165,1195,1280,1309,1326,1370,1436,1518,1702,1880,2022,2109,2197,2272,2295
"1472 Tibro","svensk bakgrund",9624,9577,9516,9486,9506,9416,9382,9302,9234,9255,9237,9236,9162,9100,9048,9001,8971,8968,9002
"1473 Töreboda","utländsk bakgrund",595,632,676,715,755,813,793,810,808,828,903,947,1088,1297,1493,1537,1521,1604,1600
"1473 Töreboda","svensk bakgrund",8831,8780,8769,8755,8613,8563,8463,8445,8305,8235,8106,8045,7984,7996,7942,7877,7791,7689,7681
"1480 Göteborg","utländsk bakgrund",121458,124281,126879,129931,133876,137767,143119,148564,153842,159050,163340,168814,175520,181585,189303,197893,206481,214152,218530
"1480 Göteborg","svensk bakgrund",353463,353774,354531,355011,355881,355735,357078,358766,359909,361324,362749,364457,365625,366605,367337,366146,365387,365129,364526
"1481 Mölndal","utländsk bakgrund",8574,8846,8980,9265,9532,9875,10098,10420,10704,11068,11351,11628,12272,12691,13560,14706,15848,16600,17043
"1481 Mölndal","svensk bakgrund",48505,48677,48772,48969,49406,49555,49714,49961,50269,50269,50308,50350,50655,50649,50905,51415,52304,52764,52858
"1482 Kungälv","utländsk bakgrund",3446,3496,3553,3665,3740,3893,4041,4130,4206,4278,4365,4514,4666,4746,5014,5438,5933,6465,6730
"1482 Kungälv","svensk bakgrund",34466,34658,34704,35038,35159,35756,36227,36597,37035,37260,37388,37595,37668,37984,38275,38672,39153,39871,40320
"1484 Lysekil","utländsk bakgrund",1313,1353,1374,1401,1424,1463,1555,1594,1644,1651,1725,1830,1881,2057,2241,2377,2453,2475,2422
"1484 Lysekil","svensk bakgrund",13488,13445,13393,13256,13207,13170,13104,12941,12877,12747,12671,12539,12418,12407,12329,12244,12158,12080,11944
"1485 Uddevalla","utländsk bakgrund",6063,6194,6339,6564,6805,7066,7322,7568,7792,7989,8360,8821,9369,9996,10951,11575,12117,12689,13070
"1485 Uddevalla","svensk bakgrund",43620,43677,43729,43750,43702,43855,43864,43950,44076,44167,44170,44204,44148,44184,44213,44188,44142,44014,43717
"1486 Strömstad","utländsk bakgrund",2079,2125,2250,2343,2432,2488,2561,2629,2744,2917,3124,3305,3516,3695,3940,4095,4201,4278,4370
"1486 Strömstad","svensk bakgrund",9139,9108,9123,9164,9137,9070,9046,9061,9064,9093,9171,9175,9178,9159,9139,9123,9052,8940,8874
"1487 Vänersborg","utländsk bakgrund",3214,3375,3458,3534,3672,3854,4015,4119,4321,4482,4694,5125,5763,6377,7121,7408,7718,8028,8097
"1487 Vänersborg","svensk bakgrund",33811,33726,33647,33417,33351,33085,32976,32752,32536,32480,32274,32244,32127,32004,31834,31743,31693,31563,31527
"1488 Trollhättan","utländsk bakgrund",9630,9742,9971,10246,10759,11281,11738,12109,12643,12939,13345,14199,14730,15190,15853,16436,17049,17619,17950
"1488 Trollhättan","svensk bakgrund",43307,43178,43183,43056,43071,43019,42749,42764,42605,42560,42404,42374,42199,41902,41900,41802,41679,41439,41299
"1489 Alingsås","utländsk bakgrund",3327,3434,3502,3630,3806,3984,4148,4279,4374,4530,4734,4880,5133,5358,5638,5897,6201,6387,6479
"1489 Alingsås","svensk bakgrund",32000,32096,32259,32380,32675,32755,33099,33236,33422,33523,33621,33739,34055,34244,34407,34493,34869,35033,35123
"1490 Borås","utländsk bakgrund",19909,20438,20998,21616,22560,23261,23805,24631,25483,26100,26862,27869,28891,30313,31731,33137,34539,35863,36809
"1490 Borås","svensk bakgrund",78241,78067,77888,77709,77661,77724,77682,77827,77811,78006,78005,78126,78131,78175,78149,77889,77639,77316,76905
"1491 Ulricehamn","utländsk bakgrund",1858,1914,1965,2016,2154,2253,2453,2562,2663,2755,2867,2987,3083,3279,3564,3867,3993,4163,4184
"1491 Ulricehamn","svensk bakgrund",20441,20405,20377,20365,20282,20289,20253,20191,20175,20241,20148,20224,20161,20215,20323,20429,20452,20505,20520
"1492 Åmål","utländsk bakgrund",1226,1255,1312,1287,1335,1324,1382,1331,1352,1386,1453,1571,1762,2084,2344,2425,2513,2477,2433
"1492 Åmål","svensk bakgrund",11603,11599,11511,11450,11381,11265,11163,11103,10943,10840,10758,10658,10564,10517,10457,10286,10207,10133,10008
"1493 Mariestad","utländsk bakgrund",2287,2382,2436,2499,2591,2595,2673,2707,2752,2719,2815,2979,3011,3096,3271,3392,3489,3627,3623
"1493 Mariestad","svensk bakgrund",21456,21465,21461,21396,21342,21276,21152,21092,20989,21013,20924,20891,20910,20947,20944,20898,20883,20910,20890
"1494 Lidköping","utländsk bakgrund",2923,3023,3146,3242,3345,3433,3573,3652,3741,3852,3952,4083,4289,4452,4717,5049,5307,5502,5677
"1494 Lidköping","svensk bakgrund",34018,34102,34095,34138,34181,34340,34349,34337,34307,34331,34302,34331,34472,34557,34518,34457,34572,34587,34651
"1495 Skara","utländsk bakgrund",1576,1631,1731,1788,1878,1943,2081,2147,2191,2266,2368,2713,2937,3120,3518,3574,3719,3913,3973
"1495 Skara","svensk bakgrund",16735,16729,16776,16790,16717,16601,16437,16308,16123,15954,15913,15867,15810,15591,15461,15269,15110,14924,14722
"1496 Skövde","utländsk bakgrund",6363,6541,6736,6909,7096,7224,7489,7792,8046,8219,8413,8835,9166,9541,10053,10607,11120,11556,11928
"1496 Skövde","svensk bakgrund",43042,43200,43120,43071,43057,42973,43121,43192,43356,43542,43799,44024,43968,44014,44080,44368,44609,44810,44863
"1497 Hjo","utländsk bakgrund",496,512,507,550,551,568,588,627,630,644,676,686,715,814,854,893,924,951,954
"1497 Hjo","svensk bakgrund",8349,8332,8315,8299,8302,8241,8221,8232,8211,8146,8156,8119,8170,8169,8194,8200,8252,8259,8275
"1498 Tidaholm","utländsk bakgrund",923,977,993,1004,1066,1118,1163,1165,1185,1231,1274,1283,1439,1531,1646,1704,1755,1794,1767
"1498 Tidaholm","svensk bakgrund",11662,11598,11550,11531,11587,11533,11530,11467,11387,11338,11282,11282,11178,11138,11151,11123,11073,11052,11023
"1499 Falköping","utländsk bakgrund",2291,2420,2566,2662,2806,2966,3164,3380,3586,3824,3951,4408,4759,5150,5568,5899,6175,6501,6594
"1499 Falköping","svensk bakgrund",28605,28561,28582,28523,28434,28345,28185,28039,27927,27865,27738,27580,27426,27361,27238,27178,26980,26745,26644
"1715 Kil","utländsk bakgrund",758,774,767,781,809,812,804,825,855,863,917,925,970,969,983,1025,1078,1150,1163
"1715 Kil","svensk bakgrund",11134,11117,11077,11032,10994,10936,10870,10892,10851,10819,10865,10885,10915,10833,10817,10885,10884,10937,10952
"1730 Eda","utländsk bakgrund",1794,1884,1915,1970,2067,2094,2182,2199,2223,2228,2284,2282,2339,2401,2480,2624,2671,2718,2750
"1730 Eda","svensk bakgrund",6876,6778,6731,6631,6603,6555,6471,6378,6301,6232,6212,6144,6114,6104,6046,5994,5904,5846,5800
"1737 Torsby","utländsk bakgrund",901,932,918,971,1071,1121,1185,1219,1274,1302,1323,1348,1467,1523,1893,1714,1653,1713,1721
"1737 Torsby","svensk bakgrund",12503,12379,12168,11989,11875,11757,11522,11289,11140,11010,10896,10665,10525,10387,10276,10176,10066,9903,9828
"1760 Storfors","utländsk bakgrund",678,680,690,714,754,766,768,789,794,791,774,831,909,865,925,959,915,834,816
"1760 Storfors","svensk bakgrund",3927,3879,3879,3828,3772,3729,3615,3574,3479,3427,3376,3300,3197,3167,3121,3164,3140,3180,3174
"1761 Hammarö","utländsk bakgrund",995,984,1003,999,1012,1041,1079,1097,1102,1117,1149,1166,1155,1178,1229,1415,1502,1479,1481
"1761 Hammarö","svensk bakgrund",13242,13323,13387,13375,13477,13506,13576,13736,13824,13826,13912,13970,14101,14242,14496,14759,14981,15089,15187
"1762 Munkfors","utländsk bakgrund",217,225,233,258,271,282,297,304,312,308,336,357,385,434,557,588,625,608,608
"1762 Munkfors","svensk bakgrund",3869,3850,3806,3737,3665,3598,3517,3489,3459,3394,3306,3299,3271,3229,3181,3175,3164,3132,3117
"1763 Forshaga","utländsk bakgrund",691,726,753,794,806,805,834,824,818,845,889,920,1000,1048,1152,1218,1271,1241,1244
"1763 Forshaga","svensk bakgrund",10783,10726,10707,10721,10660,10639,10581,10577,10448,10384,10422,10372,10379,10331,10299,10291,10247,10258,10280
"1764 Grums","utländsk bakgrund",753,781,801,831,818,820,844,846,889,861,876,911,987,1019,1161,1167,1174,1225,1255
"1764 Grums","svensk bakgrund",8559,8598,8622,8577,8514,8482,8406,8296,8202,8156,8063,8014,7971,7926,7902,7844,7842,7822,7788
"1765 Årjäng","utländsk bakgrund",1457,1508,1579,1637,1710,1772,1883,1887,1911,1945,2005,2160,2125,2235,2340,2391,2481,2572,2542
"1765 Årjäng","svensk bakgrund",8286,8229,8220,8163,8111,8105,8069,8028,7944,7882,7859,7793,7679,7634,7618,7557,7530,7498,7454
"1766 Sunne","utländsk bakgrund",648,688,698,749,787,849,871,867,881,904,918,942,1095,1289,1552,1527,1526,1542,1548
"1766 Sunne","svensk bakgrund",12925,12898,12906,12837,12804,12717,12602,12478,12374,12238,12184,12069,12004,11919,11873,11804,11735,11764,11787
"1780 Karlstad","utländsk bakgrund",7691,7986,8287,8534,9078,9516,9826,10411,10937,11142,11454,11907,12355,12937,13822,14713,15552,16550,17199
"1780 Karlstad","svensk bakgrund",73243,73357,73481,73562,73800,74125,74168,74325,74816,75267,75475,75879,75995,76308,76376,76407,76945,77348,77629
"1781 Kristinehamn","utländsk bakgrund",1984,2072,2169,2231,2289,2380,2468,2564,2635,2682,2859,3135,3416,3714,4166,4254,4152,4239,4260
"1781 Kristinehamn","svensk bakgrund",21979,21874,21821,21668,21559,21526,21490,21399,21173,21016,20870,20814,20698,20556,20505,20396,20184,20016,19930
"1782 Filipstad","utländsk bakgrund",961,998,1028,1066,1109,1107,1164,1211,1281,1337,1471,1614,1740,1917,2351,2285,2467,2390,2340
"1782 Filipstad","svensk bakgrund",10217,10123,10053,9951,9843,9675,9518,9415,9281,9177,9078,8949,8873,8708,8609,8498,8370,8254,8163
"1783 Hagfors","utländsk bakgrund",855,871,900,984,1024,1111,1142,1202,1210,1236,1300,1436,1457,1517,1709,1739,1824,1868,1858
"1783 Hagfors","svensk bakgrund",12942,12777,12596,12353,12103,11882,11662,11434,11270,11046,10870,10635,10464,10307,10208,10043,9874,9738,9659
"1784 Arvika","utländsk bakgrund",2317,2416,2524,2593,2711,2879,2974,3006,3077,3107,3150,3226,3350,3478,3734,3821,3894,3928,3963
"1784 Arvika","svensk bakgrund",23945,23886,23751,23672,23420,23371,23202,23094,22957,22800,22679,22591,22421,22363,22320,22239,22188,22117,21969
"1785 Säffle","utländsk bakgrund",924,1004,1024,1126,1158,1214,1263,1273,1323,1386,1446,1587,1826,2037,2418,2622,2673,2648,2634
"1785 Säffle","svensk bakgrund",15365,15240,15053,14954,14815,14654,14521,14329,14224,14008,13862,13689,13508,13329,13215,13105,12970,12807,12786
"1814 Lekeberg","utländsk bakgrund",321,328,335,337,344,323,315,335,333,328,348,355,379,415,468,564,650,701,742
"1814 Lekeberg","svensk bakgrund",6706,6712,6726,6744,6752,6774,6796,6788,6801,6895,6950,6934,6984,7077,7168,7304,7466,7533,7730
"1860 Laxå","utländsk bakgrund",898,886,858,819,814,770,758,741,726,740,782,869,1017,1085,1164,1160,1195,1220,1221
"1860 Laxå","svensk bakgrund",5573,5480,5409,5317,5232,5152,5112,5045,4960,4882,4770,4711,4647,4571,4545,4483,4442,4463,4438
"1861 Hallsberg","utländsk bakgrund",1381,1441,1434,1490,1576,1638,1691,1743,1812,1889,1960,1990,2107,2331,2587,2964,3119,3211,3288
"1861 Hallsberg","svensk bakgrund",14270,14148,13967,13825,13711,13630,13565,13492,13463,13359,13323,13277,13208,13178,13062,12968,12835,12721,12702
"1862 Degerfors","utländsk bakgrund",1154,1142,1144,1187,1220,1258,1294,1295,1329,1333,1365,1383,1479,1565,1721,1815,1878,1913,1904
"1862 Degerfors","svensk bakgrund",9152,9039,8962,8906,8794,8645,8545,8414,8312,8218,8112,8117,8052,7978,7888,7853,7787,7753,7727
"1863 Hällefors","utländsk bakgrund",1189,1200,1248,1260,1281,1277,1324,1357,1347,1344,1339,1398,1438,1601,1782,1858,1825,1868,1822
"1863 Hällefors","svensk bakgrund",6605,6512,6440,6367,6258,6198,6037,5976,5873,5796,5649,5584,5498,5431,5356,5251,5158,5145,5074
"1864 Ljusnarsberg","utländsk bakgrund",611,628,633,643,663,711,733,745,724,733,771,877,989,1067,1226,1230,1147,1111,1039
"1864 Ljusnarsberg","svensk bakgrund",4871,4787,4756,4674,4580,4477,4396,4310,4207,4137,4077,3998,3924,3861,3780,3712,3699,3660,3635
"1880 Örebro","utländsk bakgrund",20107,20690,21162,21793,22901,24046,25333,26541,27650,28412,29528,30584,31806,32899,34588,36768,38845,40744,41621
"1880 Örebro","svensk bakgrund",105413,105598,105820,105940,106076,106383,106944,107465,107810,108709,109424,110015,110812,111301,112043,113523,114522,114952,114760
"1881 Kumla","utländsk bakgrund",1864,1956,1986,2066,2227,2300,2410,2478,2597,2654,2812,2891,3025,3104,3281,3437,3609,3696,3806
"1881 Kumla","svensk bakgrund",17241,17323,17397,17407,17416,17552,17747,17736,17859,17856,17926,18013,17991,18050,18053,18069,18031,18042,18056
"1882 Askersund","utländsk bakgrund",624,670,687,676,696,693,711,726,719,728,748,858,881,971,1140,1109,1167,1216,1255
"1882 Askersund","svensk bakgrund",10825,10869,10790,10785,10774,10701,10675,10581,10559,10406,10263,10238,10238,10180,10142,10066,10146,10161,10216
"1883 Karlskoga","utländsk bakgrund",4115,4135,4207,4229,4376,4427,4442,4503,4568,4694,4846,5103,5472,5783,6230,6343,6500,6618,6638
"1883 Karlskoga","svensk bakgrund",26485,26397,26136,25956,25783,25561,25430,25239,25100,24922,24785,24625,24582,24500,24308,24070,23919,23763,23625
"1884 Nora","utländsk bakgrund",917,974,1010,1027,1074,1123,1159,1207,1223,1268,1298,1340,1371,1524,1749,1823,1873,1867,1853
"1884 Nora","svensk bakgrund",9598,9578,9513,9445,9408,9324,9216,9136,9224,9161,9058,9059,8981,8978,8916,8924,8864,8859,8833
"1885 Lindesberg","utländsk bakgrund",2357,2398,2450,2525,2642,2748,2822,2943,3144,3318,3395,3726,3883,4234,4543,4663,4721,4747,4767
"1885 Lindesberg","svensk bakgrund",21135,21044,20850,20703,20432,20356,20277,20086,19890,19790,19584,19450,19386,19328,19201,18950,18854,18841,18891
"1904 Skinnskatteberg","utländsk bakgrund",845,863,843,830,839,842,844,845,833,849,863,943,986,1058,1040,1036,1018,1033,1012
"1904 Skinnskatteberg","svensk bakgrund",3940,3994,3986,3931,3913,3844,3778,3722,3612,3563,3529,3468,3448,3414,3389,3395,3411,3360,3354
"1907 Surahammar","utländsk bakgrund",2470,2478,2484,2456,2452,2471,2444,2438,2469,2504,2520,2523,2596,2661,2712,2731,2746,2741,2743
"1907 Surahammar","svensk bakgrund",7737,7722,7765,7740,7657,7651,7618,7542,7480,7367,7370,7311,7322,7324,7347,7306,7342,7365,7349
"1960 Kungsör","utländsk bakgrund",1157,1157,1182,1172,1194,1252,1258,1242,1246,1240,1297,1456,1562,1679,1832,2037,2149,2189,2206
"1960 Kungsör","svensk bakgrund",7065,7078,7105,7131,7017,6967,6912,6874,6843,6846,6733,6719,6707,6664,6600,6566,6518,6486,6539
"1961 Hallstahammar","utländsk bakgrund",3218,3325,3376,3258,3313,3364,3391,3439,3460,3500,3636,3784,3852,3953,4060,4129,4328,4464,4496
"1961 Hallstahammar","svensk bakgrund",11768,11714,11662,11697,11729,11676,11623,11688,11715,11724,11710,11740,11744,11692,11783,11869,11858,11882,11904
"1962 Norberg","utländsk bakgrund",708,719,731,737,776,761,740,760,746,760,763,834,954,1049,1093,1124,1141,1102,1155
"1962 Norberg","svensk bakgrund",5168,5211,5218,5129,5067,5027,5009,4970,4977,4965,4867,4774,4765,4754,4702,4672,4654,4588,4574
"1980 Västerås","utländsk bakgrund",26148,26727,27429,28164,29159,30104,31095,32248,33182,34108,35157,36476,37948,39101,41294,43625,45525,47481,49157
"1980 Västerås","svensk bakgrund",102754,103260,103585,103770,103761,103624,103589,103688,104025,104601,105342,105655,105754,106117,106126,106509,106553,106568,106394
"1981 Sala","utländsk bakgrund",2111,2155,2110,2142,2165,2228,2329,2444,2505,2553,2650,2848,3036,3254,3505,3831,4105,4201,4293
"1981 Sala","svensk bakgrund",19552,19587,19444,19304,19195,19184,19036,19055,19030,19015,18946,18921,18889,18855,18848,18800,18711,18693,18574
"1982 Fagersta","utländsk bakgrund",2661,2713,2675,2732,2822,2897,2985,3042,3232,3343,3492,3772,4096,4294,4543,4571,4671,4689,4665
"1982 Fagersta","svensk bakgrund",9664,9621,9556,9538,9380,9286,9282,9207,9211,9210,9142,9100,9037,8992,8902,8844,8793,8702,8602
"1983 Köping","utländsk bakgrund",4540,4547,4633,4689,4774,4838,5046,5251,5387,5507,5659,6073,6319,6567,6954,7220,7528,7604,7650
"1983 Köping","svensk bakgrund",20107,20038,20044,19957,19885,19808,19694,19596,19518,19300,19195,19164,19057,18990,18996,18896,18740,18610,18435
"1984 Arboga","utländsk bakgrund",1300,1314,1368,1391,1461,1489,1544,1603,1610,1686,1789,1924,2105,2365,2475,2535,2688,2708,2687
"1984 Arboga","svensk bakgrund",12274,12200,12038,11989,11930,11880,11757,11699,11675,11616,11564,11569,11526,11493,11428,11399,11450,11379,11352
"2021 Vansbro","utländsk bakgrund",306,313,326,331,338,341,336,350,373,401,409,446,454,522,690,683,667,689,738
"2021 Vansbro","svensk bakgrund",6929,6851,6796,6730,6645,6618,6580,6526,6432,6417,6370,6284,6240,6193,6194,6154,6140,6116,6063
"2023 Malung-Sälen","utländsk bakgrund",610,627,654,694,781,806,831,873,936,920,976,984,1004,1082,1238,1272,1302,1371,1432
"2023 Malung-Sälen","svensk bakgrund",9983,9911,9903,9819,9737,9622,9554,9535,9420,9342,9202,9077,8965,8954,8853,8842,8804,8767,8745
"2026 Gagnef","utländsk bakgrund",765,770,775,769,792,784,799,823,835,841,850,852,876,904,949,975,1030,1044,1023
"2026 Gagnef","svensk bakgrund",9243,9289,9316,9362,9288,9327,9308,9248,9262,9228,9162,9171,9148,9175,9226,9266,9241,9260,9355
"2029 Leksand","utländsk bakgrund",787,814,846,849,871,913,937,977,1031,1048,1105,1187,1269,1340,1571,1611,1716,1741,1751
"2029 Leksand","svensk bakgrund",14514,14605,14658,14591,14579,14425,14351,14326,14258,14190,14041,13970,13983,13986,13936,14029,14088,14066,14050
"2031 Rättvik","utländsk bakgrund",440,453,460,500,524,530,551,562,581,609,628,641,654,706,822,813,859,879,923
"2031 Rättvik","svensk bakgrund",10458,10374,10404,10386,10360,10353,10299,10235,10230,10250,10171,10125,10094,10053,10034,10024,10048,10071,10124
"2034 Orsa","utländsk bakgrund",330,357,374,400,447,530,548,562,582,601,621,660,702,767,908,968,988,1006,983
"2034 Orsa","svensk bakgrund",6685,6696,6657,6620,6579,6561,6442,6372,6340,6266,6214,6189,6110,5983,5953,5919,5904,5905,5894
"2039 Älvdalen","utländsk bakgrund",249,252,265,282,307,325,366,403,415,452,473,478,503,552,592,623,684,690,694
"2039 Älvdalen","svensk bakgrund",7368,7318,7250,7163,7112,7037,6921,6885,6792,6732,6666,6618,6549,6483,6447,6445,6437,6341,6339
"2061 Smedjebacken","utländsk bakgrund",1109,1111,1086,1087,1127,1156,1163,1244,1283,1288,1307,1359,1423,1490,1604,1611,1630,1616,1559
"2061 Smedjebacken","svensk bakgrund",10048,9901,9837,9725,9588,9559,9571,9514,9432,9374,9343,9332,9289,9300,9305,9283,9267,9278,9295
"2062 Mora","utländsk bakgrund",874,964,1003,1042,1063,1108,1223,1295,1320,1370,1444,1457,1517,1644,1782,1899,1974,2060,2104
"2062 Mora","svensk bakgrund",19150,19129,19080,19170,19096,19035,18930,18851,18833,18737,18638,18541,18489,18457,18497,18470,18416,18410,18388
"2080 Falun","utländsk bakgrund",4153,4272,4382,4543,4725,4816,4979,5278,5511,5654,5861,6065,6260,6500,6988,7519,7851,8105,8141
"2080 Falun","svensk bakgrund",50688,50738,50612,50731,50542,50404,50318,50407,50533,50470,50571,50702,50636,50562,50697,50821,51072,51301,51387
"2081 Borlänge","utländsk bakgrund",5378,5587,5724,5971,6399,6827,7313,7922,8484,8601,8893,9559,10337,10911,11693,12224,12643,13079,13116
"2081 Borlänge","svensk bakgrund",41671,41332,41264,41016,41000,40929,40872,40759,40767,40722,40589,40464,40378,40077,39911,39740,39581,39511,39278
"2082 Säter","utländsk bakgrund",578,569,561,572,611,663,680,713,689,716,759,817,814,872,904,954,965,1023,1056
"2082 Säter","svensk bakgrund",10465,10472,10419,10417,10380,10337,10277,10187,10151,10145,10092,10056,10072,10137,10182,10206,10158,10070,10105
"2083 Hedemora","utländsk bakgrund",1454,1491,1495,1532,1584,1634,1641,1642,1682,1756,1870,1908,2081,2301,2615,2791,2769,2826,2825
"2083 Hedemora","svensk bakgrund",14130,14064,14011,13962,13796,13667,13618,13553,13482,13363,13194,13113,13004,12934,12846,12775,12688,12665,12637
"2084 Avesta","utländsk bakgrund",2417,2463,2472,2458,2577,2596,2707,2756,2743,2767,2911,3197,3675,4467,4947,5137,5255,5303,5271
"2084 Avesta","svensk bakgrund",19879,19786,19630,19496,19386,19290,19230,19006,18840,18719,18556,18385,18347,18314,18214,18119,18068,17875,17796
"2085 Ludvika","utländsk bakgrund",2704,2742,2751,2724,2799,2938,3123,3352,3605,3612,3803,4040,4451,5009,5726,5929,6168,6261,6190
"2085 Ludvika","svensk bakgrund",23271,23269,23031,22813,22678,22487,22399,22298,22205,21974,21836,21672,21579,21353,21207,21063,20778,20637,20414
"2101 Ockelbo","utländsk bakgrund",271,263,270,286,298,302,422,447,478,525,544,577,634,780,862,928,958,966,959
"2101 Ockelbo","svensk bakgrund",5830,5728,5777,5765,5740,5683,5605,5535,5458,5382,5306,5208,5131,5069,4994,4968,4948,4942,4925
"2104 Hofors","utländsk bakgrund",1287,1317,1300,1316,1365,1404,1418,1479,1486,1445,1479,1491,1532,1591,1697,1793,1804,1824,1850
"2104 Hofors","svensk bakgrund",9085,9021,8937,8881,8726,8635,8478,8394,8255,8133,8042,8020,7899,7844,7867,7867,7798,7764,7720
"2121 Ovanåker","utländsk bakgrund",320,333,344,367,412,453,441,489,524,558,579,643,811,963,1113,1113,1217,1260,1279
"2121 Ovanåker","svensk bakgrund",11873,11718,11641,11506,11404,11342,11206,11041,10916,10846,10813,10711,10621,10506,10518,10496,10467,10410,10393
"2132 Nordanstig","utländsk bakgrund",386,385,393,397,419,514,587,608,649,702,767,786,859,904,959,969,1020,1010,1010
"2132 Nordanstig","svensk bakgrund",9635,9586,9479,9450,9391,9299,9149,9038,8962,8831,8766,8705,8634,8586,8552,8512,8497,8467,8473
"2161 Ljusdal","utländsk bakgrund",790,953,1004,1028,1026,1081,1230,1321,1376,1431,1542,1718,1902,2101,2212,2285,2370,2328,2301
"2161 Ljusdal","svensk bakgrund",18986,18818,18588,18356,18217,18094,17903,17756,17689,17543,17338,17213,17047,16926,16855,16743,16663,16621,16566
"2180 Gävle","utländsk bakgrund",9733,10048,10389,10692,11100,11572,12211,13054,13693,13881,14569,15692,16951,17492,18389,19265,19981,20947,21565
"2180 Gävle","svensk bakgrund",81543,81653,81692,81513,81316,81109,81298,81298,81362,81547,81601,81544,81363,81385,81399,81338,81474,81471,81339
"2181 Sandviken","utländsk bakgrund",3075,3239,3302,3382,3602,3856,4170,4477,4605,4938,5174,5574,6165,6872,7630,8129,8343,8595,8765
"2181 Sandviken","svensk bakgrund",33690,33578,33533,33308,33146,32948,32709,32501,32311,32057,31915,31676,31668,31442,31319,31130,30865,30639,30525
"2182 Söderhamn","utländsk bakgrund",1575,1599,1633,1676,1788,1920,2069,2164,2195,2229,2349,2703,2951,3347,3809,3846,3957,4112,4143
"2182 Söderhamn","svensk bakgrund",25675,25357,25098,24830,24469,24200,23918,23595,23452,23105,22874,22739,22505,22438,22183,21936,21764,21531,21349
"2183 Bollnäs","utländsk bakgrund",1285,1304,1325,1336,1463,1587,1700,1881,2023,2079,2189,2439,2852,3244,3672,3846,3919,3955,3935
"2183 Bollnäs","svensk bakgrund",24925,24909,24924,24901,24815,24630,24489,24294,24225,24114,23969,23702,23542,23350,23257,23072,23072,22933,22874
"2184 Hudiksvall","utländsk bakgrund",2106,2181,2216,2320,2419,2484,2598,2754,2895,3006,3153,3337,3532,3641,3982,4070,4256,4427,4488
"2184 Hudiksvall","svensk bakgrund",34942,34876,34754,34684,34537,34443,34307,34094,33954,33778,33668,33492,33392,33334,33317,33331,33174,33180,33043
"2260 Ånge","utländsk bakgrund",433,443,493,515,553,589,616,620,640,654,676,703,739,783,881,933,944,908,860
"2260 Ånge","svensk bakgrund",10515,10454,10328,10177,10051,9853,9707,9528,9413,9185,8963,8845,8745,8710,8614,8547,8467,8408,8366
"2262 Timrå","utländsk bakgrund",1145,1212,1258,1263,1396,1443,1538,1635,1708,1815,1870,1970,1981,2039,2108,2174,2195,2200,2262
"2262 Timrå","svensk bakgrund",16639,16642,16601,16484,16474,16441,16442,16267,16282,16211,16127,16092,16044,15948,15884,15856,15865,15779,15701
"2280 Härnösand","utländsk bakgrund",1484,1628,1774,1887,1927,2021,2081,2207,2250,2364,2449,2767,3153,3670,4096,4298,4374,4452,4449
"2280 Härnösand","svensk bakgrund",23709,23644,23499,23340,23153,22901,22635,22468,22361,22177,21949,21742,21602,21396,21173,20892,20746,20731,20665
"2281 Sundsvall","utländsk bakgrund",6941,7103,7357,7547,7953,8226,8622,9211,9631,10013,10515,11065,11629,12066,12796,13364,13766,14355,14665
"2281 Sundsvall","svensk bakgrund",86311,86204,86350,86497,86563,86349,86333,86322,86101,86100,86172,85913,85709,85567,85529,85446,85084,85094,84774
"2282 Kramfors","utländsk bakgrund",1091,1139,1152,1208,1281,1391,1455,1504,1560,1652,1701,1874,2042,2227,2654,2737,2810,2897,2898
"2282 Kramfors","svensk bakgrund",19620,19369,19231,18899,18535,18272,18018,17710,17351,17090,16815,16576,16393,16132,16027,15873,15613,15385,15235
"2283 Sollefteå","utländsk bakgrund",1063,1133,1164,1197,1277,1321,1460,1534,1601,1664,1761,1923,2202,2444,2794,2924,2912,2725,2649
"2283 Sollefteå","svensk bakgrund",20321,20184,20043,19779,19572,19358,19078,18908,18654,18300,17975,17700,17574,17339,17052,16785,16588,16415,16223
"2284 Örnsköldsvik","utländsk bakgrund",2753,2883,2973,3066,3330,3485,3678,3827,3960,4063,4231,4343,4588,5048,5575,6052,6207,6446,6442
"2284 Örnsköldsvik","svensk bakgrund",52294,52067,51972,51877,51913,51799,51709,51301,51113,50867,50777,50643,50660,50528,50389,50087,49882,49552,49365
"2303 Ragunda","utländsk bakgrund",291,293,295,299,321,335,349,355,410,419,482,544,586,616,729,799,732,712,664
"2303 Ragunda","svensk bakgrund",5788,5655,5599,5497,5485,5412,5332,5254,5180,5082,4984,4914,4854,4771,4686,4645,4611,4572,4544
"2305 Bräcke","utländsk bakgrund",379,402,426,443,511,517,556,576,625,645,701,700,738,824,918,956,908,876,852
"2305 Bräcke","svensk bakgrund",7027,6957,6856,6749,6691,6592,6453,6289,6260,6105,5954,5859,5725,5631,5574,5545,5468,5422,5329
"2309 Krokom","utländsk bakgrund",598,625,651,671,734,786,802,805,856,894,930,1059,1049,1168,1262,1323,1289,1319,1320
"2309 Krokom","svensk bakgrund",13407,13463,13475,13459,13536,13518,13522,13655,13679,13665,13660,13584,13599,13617,13581,13602,13569,13647,13734
"2313 Strömsund","utländsk bakgrund",532,572,618,608,712,843,895,946,1025,1160,1254,1279,1334,1321,1517,1591,1576,1596,1552
"2313 Strömsund","svensk bakgrund",12839,12695,12494,12323,12070,11836,11637,11340,11160,11011,10884,10705,10539,10391,10292,10200,10127,10009,9936
"2321 Åre","utländsk bakgrund",554,570,590,595,618,666,717,738,760,786,846,935,1048,1190,1485,1623,1703,1723,1772
"2321 Åre","svensk bakgrund",9138,9122,9231,9371,9403,9461,9542,9540,9514,9473,9560,9485,9507,9487,9603,9645,9826,10004,10277
"2326 Berg","utländsk bakgrund",192,210,227,241,278,318,323,360,412,478,464,526,557,593,732,773,731,712,719
"2326 Berg","svensk bakgrund",7757,7655,7552,7455,7314,7268,7210,7087,6940,6867,6751,6634,6510,6439,6349,6349,6366,6349,6401
"2361 Härjedalen","utländsk bakgrund",574,532,528,568,602,659,718,748,773,787,814,975,986,1073,1155,1269,1294,1297,1290
"2361 Härjedalen","svensk bakgrund",10715,10533,10423,10321,10162,10040,9927,9837,9681,9554,9432,9306,9238,9189,9045,8885,8853,8793,8780
"2380 Östersund","utländsk bakgrund",2966,3116,3256,3414,3549,3665,3829,4006,4212,4280,4395,4893,5277,5597,6056,6591,7008,7508,7688
"2380 Östersund","svensk bakgrund",55190,55245,55203,55014,55034,55021,55085,55130,55204,55093,55090,55063,55218,55469,55689,56010,56219,56271,56297
"2401 Nordmaling","utländsk bakgrund",287,312,308,316,319,339,369,382,426,464,491,523,600,648,706,723,767,788,759
"2401 Nordmaling","svensk bakgrund",7286,7304,7203,7154,7107,7051,6907,6823,6672,6584,6548,6483,6485,6412,6426,6380,6351,6355,6349
"2403 Bjurholm","utländsk bakgrund",76,77,92,98,114,148,158,178,190,209,227,246,262,286,296,305,323,309,284
"2403 Bjurholm","svensk bakgrund",2532,2498,2496,2455,2427,2401,2358,2322,2270,2222,2194,2190,2189,2167,2158,2146,2127,2099,2103
"2404 Vindeln","utländsk bakgrund",221,225,235,248,253,290,337,332,354,370,401,422,491,502,568,617,665,693,716
"2404 Vindeln","svensk bakgrund",5739,5660,5538,5504,5412,5350,5276,5187,5153,5064,4958,4922,4892,4869,4845,4795,4771,4730,4769
"2409 Robertsfors","utländsk bakgrund",337,336,357,361,362,375,396,409,455,490,510,529,575,631,677,703,719,750,771
"2409 Robertsfors","svensk bakgrund",6831,6746,6749,6705,6634,6534,6504,6471,6376,6272,6207,6209,6149,6140,6107,6081,6043,5997,5977
"2417 Norsjö","utländsk bakgrund",138,139,148,157,169,165,207,258,301,303,333,366,403,423,427,450,468,446,439
"2417 Norsjö","svensk bakgrund",4403,4339,4335,4309,4268,4215,4156,4103,4003,3934,3839,3809,3777,3753,3698,3636,3626,3540,3506
"2418 Malå","utländsk bakgrund",127,124,135,135,134,135,173,190,189,195,198,208,234,261,268,330,363,365,363
"2418 Malå","svensk bakgrund",3426,3374,3329,3286,3214,3203,3196,3105,3085,3035,2998,2947,2881,2848,2832,2803,2759,2703,2661
"2421 Storuman","utländsk bakgrund",227,238,242,255,257,270,285,293,292,297,340,381,412,450,486,551,597,602,635
"2421 Storuman","svensk bakgrund",6452,6357,6312,6252,6175,6113,6019,5934,5828,5729,5666,5573,5543,5493,5413,5351,5315,5250,5191
"2422 Sorsele","utländsk bakgrund",93,103,138,140,156,196,181,250,280,335,343,289,316,313,345,339,338,330,311
"2422 Sorsele","svensk bakgrund",2953,2878,2819,2765,2711,2615,2552,2493,2456,2394,2330,2306,2249,2203,2190,2177,2184,2159,2131
"2425 Dorotea","utländsk bakgrund",165,197,133,138,162,166,174,184,215,238,220,218,244,276,281,269,230,222,207
"2425 Dorotea","svensk bakgrund",3082,3029,3023,2944,2907,2827,2740,2716,2663,2624,2574,2539,2513,2464,2438,2377,2338,2329,2291
"2460 Vännäs","utländsk bakgrund",341,330,345,350,347,378,423,457,482,501,540,591,632,665,728,797,826,853,916
"2460 Vännäs","svensk bakgrund",8138,8183,8180,8062,8089,7973,7934,7900,7932,7964,7982,7992,7984,7928,7967,7979,7959,8019,8081
"2462 Vilhelmina","utländsk bakgrund",243,234,244,248,253,295,336,364,443,462,493,522,581,606,626,659,642,628,598
"2462 Vilhelmina","svensk bakgrund",7412,7354,7178,7079,7027,6925,6884,6792,6692,6586,6448,6365,6267,6223,6179,6128,6110,6040,5941
"2463 Åsele","utländsk bakgrund",117,122,138,148,157,215,224,236,237,241,284,287,305,344,403,370,388,383,404
"2463 Åsele","svensk bakgrund",3382,3288,3237,3174,3114,3050,2956,2897,2802,2766,2674,2588,2533,2488,2472,2439,2431,2411,2401
"2480 Umeå","utländsk bakgrund",10031,10328,10803,11162,11416,11632,12089,12803,13517,13811,14033,14551,15145,15461,16551,17875,18939,19943,20493
"2480 Umeå","svensk bakgrund",96494,97589,98587,99596,99819,100139,100639,101272,101956,102654,103261,103798,104468,105316,106341,107205,108180,108958,109731
"2481 Lycksele","utländsk bakgrund",761,815,820,781,802,796,850,885,964,1007,1069,1116,1188,1240,1331,1449,1540,1583,1621
"2481 Lycksele","svensk bakgrund",12123,12005,11965,11920,11810,11707,11627,11542,11412,11336,11282,11154,11020,10937,10856,10808,10688,10662,10703
"2482 Skellefteå","utländsk bakgrund",3192,3393,3582,3713,4019,4289,4416,4569,4706,4897,5200,5544,5879,6172,6611,7129,7278,7466,7653
"2482 Skellefteå","svensk bakgrund",68621,68379,68204,68197,67947,67801,67446,67201,66935,66683,66574,66444,66145,65859,65655,65594,65189,65123,65187
"2505 Arvidsjaur","utländsk bakgrund",207,226,224,221,250,288,316,356,395,431,458,495,548,578,617,673,652,647,620
"2505 Arvidsjaur","svensk bakgrund",6810,6722,6670,6593,6541,6463,6349,6266,6134,6063,6009,5976,5936,5893,5825,5767,5682,5573,5525
"2506 Arjeplog","utländsk bakgrund",191,194,205,204,225,225,260,285,300,311,308,308,316,325,343,332,336,341,308
"2506 Arjeplog","svensk bakgrund",3100,3065,3019,2955,2926,2864,2886,2858,2861,2803,2746,2672,2591,2562,2533,2489,2458,2444,2410
"2510 Jokkmokk","utländsk bakgrund",331,316,311,320,366,386,432,417,447,451,486,500,564,620,738,737,688,683,670
"2510 Jokkmokk","svensk bakgrund",5451,5317,5288,5214,5125,5020,4873,4793,4723,4668,4600,4566,4522,4452,4367,4344,4313,4240,4181
"2513 Överkalix","utländsk bakgrund",191,193,197,207,237,240,268,274,298,301,319,331,358,394,397,443,416,457,469
"2513 Överkalix","svensk bakgrund",3867,3800,3736,3665,3622,3555,3447,3396,3313,3248,3178,3105,3051,3001,2981,2924,2886,2858,2820
"2514 Kalix","utländsk bakgrund",1741,1766,1810,1811,1821,1877,1891,1832,1869,1870,1900,1924,1939,1952,2048,2120,2106,2119,2165
"2514 Kalix","svensk bakgrund",16064,15936,15843,15672,15575,15406,15271,15094,14871,14721,14618,14463,14368,14296,14175,14049,13952,13767,13647
"2518 Övertorneå","utländsk bakgrund",1270,1286,1291,1302,1306,1341,1334,1326,1329,1357,1358,1355,1401,1383,1394,1375,1372,1292,1261
"2518 Övertorneå","svensk bakgrund",4121,4045,3953,3927,3862,3751,3638,3594,3483,3453,3414,3354,3310,3220,3140,3086,3038,3007,2956
"2521 Pajala","utländsk bakgrund",876,861,852,835,823,822,825,818,823,812,830,864,895,903,977,1021,984,1017,968
"2521 Pajala","svensk bakgrund",6330,6192,6073,5963,5865,5700,5604,5491,5459,5458,5449,5435,5408,5290,5139,5080,5055,5035,4998
"2523 Gällivare","utländsk bakgrund",1065,1071,1144,1164,1252,1315,1328,1296,1388,1415,1492,1580,1585,1649,1754,1817,1874,1939,1976
"2523 Gällivare","svensk bakgrund",18355,18180,18060,17913,17707,17545,17375,17237,17037,16911,16815,16759,16646,16474,16202,16008,15756,15590,15486
"2560 Älvsbyn","utländsk bakgrund",351,359,378,414,475,502,502,541,586,638,664,697,753,801,877,1031,973,958,991
"2560 Älvsbyn","svensk bakgrund",8484,8479,8397,8241,8178,8043,7963,7846,7749,7615,7536,7471,7418,7382,7316,7243,7167,7108,7063
"2580 Luleå","utländsk bakgrund",6388,6607,6856,7117,7415,7373,7542,7757,7995,8067,8337,8537,8865,9024,9493,10086,10515,10938,11233
"2580 Luleå","svensk bakgrund",65751,65630,65709,65634,65898,65773,65864,66193,66183,66359,66568,66846,67101,67064,67277,67384,67317,67167,67316
"2581 Piteå","utländsk bakgrund",1711,1740,1814,1870,1928,1984,1998,1996,2076,2125,2195,2289,2399,2498,2880,3181,3167,3292,3385
"2581 Piteå","svensk bakgrund",38820,38922,39016,39003,39015,38977,38904,38864,38816,38817,38883,38989,39109,39050,39024,39003,38949,38989,38841
"2582 Boden","utländsk bakgrund",1462,1567,1622,1653,1804,1890,1852,1880,1992,2184,2360,2658,2740,2817,2958,3198,3174,3285,3340
"2582 Boden","svensk bakgrund",26806,26647,26655,26523,26198,25948,25683,25528,25479,25459,25238,25180,25147,25096,25084,24983,24890,24795,24720
"2583 Haparanda","utländsk bakgrund",5190,5212,5173,5158,5138,5101,5102,5060,5060,5067,4980,4978,4940,4985,5068,5073,5089,5012,4940
"2583 Haparanda","svensk bakgrund",5144,5134,5035,5026,5076,5091,5071,5052,4999,4974,4924,4908,4836,4846,4796,4732,4696,4673,4661
"2584 Kiruna","utländsk bakgrund",2269,2249,2275,2272,2362,2372,2374,2428,2475,2518,2558,2716,2785,2868,3055,3187,3239,3308,3400
"2584 Kiruna","svensk bakgrund",21286,21158,20979,20863,20896,20750,20725,20541,20469,20449,20414,20480,20456,20310,20112,19929,19753,19559,19264
